Date,Close,High,Low,Open,Volume
2010-01-04,6.412383079528809,6.427064888954929,6.363543460401331,6.39500453775006,493729600
2010-01-05,6.4234700202941895,6.459725290605371,6.389611445497968,6.430062033095977,601904800
2010-01-06,6.321294784545898,6.4489372939698555,6.314702773243294,6.423468559440848,552160000
2010-01-07,6.309610366821289,6.352158415638186,6.263767111500778,6.344667491542015,477131200
2010-01-08,6.35155725479126,6.352156928627924,6.26406608217472,6.301219456796891,447610800
2010-01-11,6.295526504516602,6.382119157541543,6.24578758540687,6.376126420287547,462229600
2010-01-12,6.223915100097656,6.285339866777769,6.184963501800485,6.26796052588379,594459600
2010-01-13,6.311707496643066,6.320097331193554,6.115450496192601,6.2284112253799675,605892000
2010-01-14,6.275153160095215,6.306015366554697,6.262868444932306,6.295528473130166,432894000
2010-01-15,6.170282363891602,6.340172910517019,6.168484542229492,6.320097235290131,594067600
2010-01-19,6.443247318267822,6.447741873887603,6.209536426781082,6.242195664136453,730007600
2010-01-20,6.344067573547363,6.458525674504352,6.277249741754556,6.439349312023581,612152800
2010-01-21,6.234401702880859,6.391408236631557,6.2086337298182155,6.354554098420928,608154400
2010-01-22,5.925185680389404,6.217324935919149,5.9075078986155605,6.195751873393717,881767600
2010-01-25,6.084588050842285,6.133427271282473,5.998294613398157,6.067808782451741,1065699600
2010-01-26,6.170580863952637,6.403393525660621,6.06990526971917,6.170880500841116,1867110000
2010-01-27,6.228709697723389,6.309609263519785,5.978518077301491,6.197847495893098,1722568400
2010-01-28,5.971327304840088,6.157397829891569,5.953649526827364,6.140319325713127,1173502400
2010-01-29,5.754694938659668,6.058519967804259,5.700461857518746,6.02496143362469,1245952400
2010-02-01,5.8346943855285645,5.872747462914322,5.7319213529334645,5.763981693707552,749876400
2010-02-02,5.868555068969727,5.882338369099171,5.79424710330119,5.87005365381575,698342400
2010-02-03,5.969529151916504,5.998593531216245,5.825407003167622,5.847879370656247,615328000
2010-02-04,5.754395961761475,5.943761698865939,5.740013389278229,5.8946220429801155,757652000
2010-02-05,5.856568336486816,5.872748728826121,5.7184389282064565,5.771773495448609,850306800
2010-02-08,5.816418647766113,5.929079728870104,5.812823004742717,5.8634608438902935,478270800
2010-02-09,5.878442287445068,5.917693523620398,5.835295371279979,5.885333536521226,632886800
2010-02-10,5.846380710601807,5.890726568220166,5.820612739352889,5.869451949965533,370361600
2010-02-11,5.952749729156494,5.985110113511673,5.814620322046428,5.839190147193132,550345600
2010-02-12,6.003986835479736,6.041740283839114,5.857767232322593,5.935970461024799,655468800
2010-02-16,6.094476699829102,6.1031657718344725,6.038146150105147,6.0507305026867755,543737600
2010-02-17,6.069007396697998,6.1217418944134705,6.018369157274357,6.118146251373973,436396800
2010-02-18,6.080392360687256,6.109157102877768,6.020166544270516,6.04143996395349,422825200
2010-02-19,6.042639255523682,6.088482903479071,6.025859988311388,6.04833275696529,415469600
2010-02-22,6.005186080932617,6.067509365824225,5.968331936561997,6.062715574716663,390563600
2010-02-23,5.904509544372559,6.032451700536245,5.864059762954422,5.992600792869819,575094800
2010-02-24,6.012377738952637,6.035748620632016,5.927881320364654,5.93956716125367,460566400
2010-02-25,6.05252742767334,6.0782954029533,5.899416560460721,5.91409836963874,665126000
2010-02-26,6.131030559539795,6.147510190950099,6.052527682651459,6.063913486156062,507460800
2010-03-01,6.261970520019531,6.277251206126814,6.15590102777744,6.164889737261026,550093600
2010-03-02,6.257774829864502,6.317101345262112,6.224515528746978,6.29013442004102,566546400
2010-03-03,6.27215576171875,6.288336155742121,6.230507829152091,6.260470721689361,372052800
2010-03-04,6.313503265380859,6.319795639247643,6.251180000562212,6.270656795913364,366041200
2010-03-05,6.560399532318115,6.582871898485306,6.430959199256158,6.440247942625617,899620400
2010-03-08,6.564296722412109,6.594558856243998,6.539427253943278,6.592162160532568,429889600
2010-03-09,6.682348251342773,6.741674747813858,6.528638146782419,6.5412224945112545,920259200
2010-03-10,6.736883163452148,6.756059929387045,6.687744300941398,6.706621029859207,596218000
2010-03-11,6.756657600402832,6.756657600402832,6.691338749445006,6.709017328440684,405700400
2010-03-12,6.789616584777832,6.823474352584157,6.764147849640395,6.8126874247403855,416323600
2010-03-15,6.706920146942139,6.756657879483593,6.599352484110928,6.753063036248165,493502800
2010-03-16,6.725196361541748,6.741076717570316,6.667068401755803,6.717106565098538,446908000
2010-03-17,6.715308666229248,6.7851220645390145,6.68984032951547,6.7386795446173045,450956800
2010-03-18,6.731186866760254,6.741673754981702,6.670062158130529,6.714706442285899,342109600
2010-03-19,6.65927791595459,6.748867351932457,6.628715351138066,6.73538409101153,559445600
2010-03-22,6.73418664932251,6.771640869230453,6.596356848274451,6.605945230983516,456419600
2010-03-23,6.842353820800781,6.854938574999723,6.714710857079371,6.760854155710015,602431200
2010-03-24,6.872612953186035,6.897482410760723,6.81688130125982,6.820776980213948,597780400
2010-03-25,6.7911152839660645,6.9205560352325,6.779129806969562,6.919057450558638,542284400
2010-03-26,6.918458938598633,6.9499196153928064,6.84804546178095,6.860030938711261,640875200
2010-03-29,6.963103294372559,7.0074487618103705,6.940032449923856,6.9813815479335295,540744400
2010-03-30,7.066773414611816,7.1156138233745905,7.018832316489892,7.0892457793533925,527310000
2010-03-31,7.041306018829346,7.089547163028468,7.025126425204861,7.0559886279977215,430659600
2010-04-01,7.070371627807617,7.153069032011701,6.973890922853489,7.113518551795984,603145200
2010-04-05,7.145875930786133,7.146475204512571,7.034413417963874,7.040706192140695,684507600
2010-04-06,7.177340507507324,7.198314296911049,7.10123431151008,7.137189950558452,447017200
2010-04-07,7.209098815917969,7.2486500856440585,7.150970058850022,7.177637342243111,628502000
2010-04-08,7.189625263214111,7.23726634519466,7.132395797408913,7.204307075896214,572989200
2010-04-09,7.244754791259766,7.24775196044377,7.2049042825711105,7.2339686626507,334182800
2010-04-12,7.259736061096191,7.28310693801118,7.245353490626359,7.257038929083853,333026400
2010-04-13,7.263929843902588,7.275016808180001,7.22437857702481,7.246851742401442,306210800
2010-04-14,7.361611843109131,7.365207486528339,7.313072257147146,7.349327128142834,404076400
2010-04-15,7.458392143249512,7.461687749475583,7.356217948959215,7.364307746131297,376784800
2010-04-16,7.41284704208374,7.524908838714239,7.327452528629698,7.447903358086634,750545600
2010-04-19,7.402959823608398,7.427529249828101,7.244155463652925,7.401761275983118,566924400
2010-04-20,7.328653335571289,7.468280969045903,7.279813707563305,7.447007143334028,738326400
2010-04-21,7.767007827758789,7.797870019381071,7.662436580496482,7.754423081640342,982391200
2010-04-22,7.9842424392700195,7.992632273297508,7.676522113457134,7.737647246987364,793424800
2010-04-23,8.11488151550293,8.155331303712563,8.000123363692902,8.029786221673834,796955600
2010-04-26,8.075027465820312,8.163717564130383,8.035775442500357,8.14633942869123,479068800
2010-04-27,7.851505279541016,8.025290680475322,7.805962071088252,8.008211777280904,709343600
2010-04-28,7.838324069976807,7.910234543919992,7.682816079878434,7.887762970868285,758402400
2010-04-29,8.049259185791016,8.09000819147376,7.8506043826699194,7.880866500124042,558840800
2010-04-30,7.823038101196289,8.10708657625334,7.8203417701447,8.069333140941675,542463600
2010-05-03,7.980645179748535,8.026489220635797,7.876673186498179,7.905438325909308,454342000
2010-05-04,7.7508320808410645,7.888961933695312,7.693004141678909,7.876977254123809,723819600
2010-05-05,7.670228481292725,7.734649207084498,7.452696918013464,7.581538369597009,883103200
2010-05-06,7.378390789031982,7.737946294617227,5.970128858469827,7.605509975388235,1285860800
2010-05-07,7.067073345184326,7.387977657062578,6.74796765476434,7.302283905876638,1676018400
2010-05-10,7.610301494598389,7.630077526602107,7.446703775786874,7.498240513637563,984306400
2010-05-11,7.68610954284668,7.787084364738406,7.505732152875298,7.545881892083944,848906800
2010-05-12,7.853003978729248,7.884165416582882,7.7514298688261825,7.767608661411963,654379600
2010-05-13,7.741239547729492,7.940193582459309,7.6825115349925115,7.886859032125565,599712400
2010-05-14,7.6052093505859375,7.684911165540142,7.475769410584017,7.645359894962104,759362800
2010-05-17,7.617194652557373,7.675922683334105,7.422135436263555,7.631577223383963,762834800
2010-05-18,7.561460494995117,7.746931249896921,7.498537575153446,7.6998894784701,782678400
2010-05-19,7.441014766693115,7.578245311002102,7.336444255026331,7.475771858266118,1025726800
2010-05-20,7.124004364013672,7.306478831719797,7.077561045543335,7.247450763715118,1282915200
2010-05-21,7.260635852813721,7.3259550978279355,6.931940969262358,6.975986394096475,1223891200
2010-05-24,7.393671989440918,7.517719290339952,7.378690941569185,7.409253111330158,754238800
2010-05-25,7.347528457641602,7.393670942660368,7.106026703240528,7.171645187814128,1048006400
2010-05-26,7.314271926879883,7.554576024618149,7.303484993787694,7.4931516335470585,850654000
2010-05-27,7.591128826141357,7.607309222974646,7.464085947697173,7.5087306573298,666282400
2010-05-28,7.696898937225342,7.772405858113779,7.591129080554213,7.772106621174727,815614800
2010-06-01,7.815252304077148,7.96836319604015,7.759221390565435,7.781094489431396,876472800
2010-06-02,7.908735752105713,7.934203689098176,7.800268791775931,7.926413129502322,688548000
2010-06-03,7.8838677406311035,7.956677522323005,7.80266732388461,7.945590554653368,650106800
2010-06-04,7.669328212738037,7.847307669061619,7.629477718997467,7.736744491626155,758304400
2010-06-07,7.518916606903076,7.764912509553721,7.507230367350504,7.739144535362967,886942000
2010-06-08,7.470673561096191,7.604608411206999,7.360409618287313,7.587828750299916,1000770400
2010-06-09,7.287001132965088,7.547680397653152,7.265728116291127,7.534795612768337,854630000
2010-06-10,7.506033420562744,7.520115156703186,7.25704032214717,7.336142874718816,776356000
2010-06-11,7.59592342376709,7.606410317417387,7.4119503290725,7.437718307778646,545759200
2010-06-14,7.618992328643799,7.764911891929781,7.610902532757341,7.669330525478584,602960400
2010-06-15,7.781095504760742,7.785889696929405,7.6555503976897885,7.659745315837368,585074000
2010-06-16,8.007615089416504,8.022596137609604,7.8092594185265085,7.823341955871454,783678000
2010-06-17,8.146041870117188,8.176904068846056,8.075029129387124,8.107988386236139,872855200
2010-06-18,8.211958885192871,8.239825512836427,8.1325571186378,8.157426577624411,784621600
2010-06-21,8.095108032226562,8.359980753378156,8.051961102054257,8.320429467395112,776490400
2010-06-22,8.205370903015137,8.26889234125286,8.134958214430508,8.154733454599336,717262000
2010-06-23,8.1190767288208,8.229640767449297,8.02709018181904,8.227243671755524,768457200
2010-06-24,8.060047149658203,8.185891424817095,8.033079833468394,8.119972118673726,714277200
2010-06-25,7.9911346435546875,8.098103039941538,7.964467353686977,8.091811063718326,549942400
2010-06-28,8.039077758789062,8.082524729530624,7.925817357989204,7.998027884367005,584948000
2010-06-29,7.67562198638916,7.9219178899267,7.619591092509596,7.913827294483174,1133344800
2010-06-30,7.536593437194824,7.72955477236594,7.4910502351622075,7.691801328510998,739452000
2010-07-01,7.445206642150879,7.634573146483663,7.287601646538762,7.6195913027475,1022896000
2010-07-02,7.3990654945373535,7.518617828711628,7.287002883430669,7.505433003753738,693842800
2010-07-06,7.449700355529785,7.574645311052758,7.375691259937549,7.52071228277512,615235600
2010-07-07,7.7505292892456055,7.753526458196752,7.483260388475298,7.505431917787953,654556000
2010-07-08,7.733153343200684,7.877275925543269,7.637271913018271,7.8646911727929565,738144400
2010-07-09,7.778995513916016,7.78738454695061,7.6453598578768815,7.697195841015875,433322400
2010-07-12,7.709179878234863,7.845811077653502,7.636370125949333,7.7463340465064565,562878400
2010-07-13,7.544684886932373,7.682514670882127,7.383783460000399,7.680118375600821,1190924000
2010-07-14,7.5725483894348145,7.664534905792582,7.460786640289961,7.472173641140658,812047600
2010-07-15,7.5341973304748535,7.699592896613459,7.409850818950199,7.4377166502355445,824866000
2010-07-16,7.48775577545166,7.639668100868376,7.4431110723388105,7.586034289716443,1039858400
2010-07-19,7.3583149909973145,7.487156472087424,7.1791369053825,7.487156472087424,1024478000
2010-07-20,7.547379970550537,7.577642894665766,7.191420166610048,7.278013222636462,1074950800
2010-07-21,7.617794036865234,7.9446902900848855,7.610603551446126,7.9428924687054785,1185671200
2010-07-22,7.761020183563232,7.790383810340295,7.649856853494438,7.720869624464416,645318800
2010-07-23,7.788583278656006,7.801767302462569,7.6789185718334165,7.703188761064406,533388800
2010-07-26,7.768808364868164,7.793377791972367,7.721766569030219,7.790381422801297,420551600
2010-07-27,7.912632465362549,7.934205527605252,7.799372088366199,7.8164509960038036,584771600
2010-07-28,7.819146633148193,7.969861218808014,7.7978736098242925,7.900347046533785,519985200
2010-07-29,7.733750343322754,7.869782287424273,7.6735253302571,7.811654332484417,643806800
2010-07-30,7.707981109619141,7.781390133480935,7.63756765398992,7.6672321005152595,448210000
2010-08-02,7.845814228057861,7.867986563147858,7.7789971857765146,7.803566616562586,428055600
2010-08-03,7.848212718963623,7.888063241847218,7.773005828376169,7.820646913656969,417653600
2010-08-04,7.879671096801758,7.918622293222934,7.799670045532177,7.875476180242872,420375200
2010-08-05,7.841317653656006,7.885663110248611,7.806859813708804,7.842216164215384,289097200
2010-08-06,7.79307746887207,7.835025831321542,7.719367597636304,7.783788325687223,444897600
2010-08-09,7.842817783355713,7.854803261721346,7.777498526460389,7.834727185409565,303128000
2010-08-10,7.772705554962158,7.803867803603407,7.716973871914124,7.785889583233456,451920000
2010-08-11,7.496445178985596,7.661242299949982,7.485059775063085,7.652553228509472,620054400
2010-08-12,7.544382572174072,7.583633792858672,7.37449210687777,7.39157100444256,534920400
2010-08-13,7.463785648345947,7.547082316186568,7.463485611360891,7.540191066713797,354869200
2010-08-16,7.420040130615234,7.491052890696343,7.389477160390027,7.41824230883728,318430000
2010-08-17,7.549779415130615,7.629481239487011,7.466781184446374,7.493149234674647,422640400
2010-08-18,7.582737445831299,7.63067855250806,7.53809274529463,7.561464424847608,339696000
2010-08-19,7.487154960632324,7.595021834605113,7.451199335974728,7.575845074735216,426706000
2010-08-20,7.4799652099609375,7.608206617501726,7.4607884461575305,7.4724746866495435,384230000
2010-08-23,7.364907741546631,7.550678658411587,7.348428908703206,7.544386682227828,414041600
2010-08-24,7.189024925231934,7.281010668589804,7.1506721957084185,7.271123849382084,602565600
2010-08-25,7.277716159820557,7.310676229310693,7.107227110001266,7.13239581751313,596867600
2010-08-26,7.199512004852295,7.363409820396819,7.199512004852295,7.354420711658869,466505200
2010-08-27,7.239663124084473,7.269326785193447,7.058087113851355,7.243558804892014,548391200
2010-08-30,7.26602840423584,7.363408396485897,7.211495288536394,7.213892383736305,383289200
2010-08-31,7.284006118774414,7.327752303074605,7.2016079771738015,7.246551908893287,420786800
2010-09-01,7.500637531280518,7.5344952946698465,7.379287409213825,7.41494299367591,697037600
2010-09-02,7.555769443511963,7.555769443511963,7.447902574689756,7.528502889423146,415427600
2010-09-03,7.753525257110596,7.75382449390026,7.625583127266302,7.643261300709217,520788800
2010-09-07,7.724761962890625,7.776297905929079,7.678019409822106,7.689704848064617,342557600
2010-09-08,7.877874851226807,7.921920283757706,7.763415133850368,7.783790446926334,526551200
2010-09-09,7.882370471954346,7.98574244100491,7.8778763168126105,7.94139776331655,438575200
2010-09-10,7.892553329467773,7.925213343940801,7.832327526689033,7.8859613191972375,387542400
2010-09-13,8.001323699951172,8.03847789005607,7.962971761874031,7.964768783881818,388780000
2010-09-14,8.031883239746094,8.065141737655694,7.955777062406338,7.976451609798179,408150400
2010-09-15,8.096601486206055,8.1013964759923,8.025289514796375,8.035177931076735,429368800
2010-09-16,8.286865234375,8.289861602476282,8.075027210253165,8.097200334202661,652103200
2010-09-17,8.250909805297852,8.328513733118646,8.20027238828992,8.320423139796201,634477200
2010-09-20,8.486420631408691,8.502900258406058,8.265293432719712,8.272184680344527,658677600
2010-09-21,8.50260066986084,8.609868269452454,8.473237056582413,8.505297801750801,668074400
2010-09-22,8.621855735778809,8.628746985358756,8.461852809998218,8.470841918210304,585289600
2010-09-23,8.656911849975586,8.771970032034094,8.569420265772813,8.579307884519581,786116800
2010-09-24,8.75878620147705,8.795041871151817,8.705752463366926,8.752194988898582,649488000
2010-09-27,8.724028587341309,8.830996168040343,8.71953443356522,8.808524599061316,482834800
2010-09-28,8.595185279846191,8.742303362910688,8.239824800603426,8.742303362910688,1035042400
2010-09-29,8.610469818115234,8.683579633805243,8.569420756064195,8.606274900810224,469644000
2010-09-30,8.502004623413086,8.689273320829443,8.427096984426807,8.659310425254667,673391600
2010-10-01,8.465150833129883,8.58680025377242,8.43009370445659,8.573916262923733,448142800
2010-10-04,8.348892211914062,8.47653353164338,8.32282340139692,8.437582334589608,435302000
2010-10-05,8.657513618469238,8.672793904906047,8.444176080757218,8.449570346709516,501967200
2010-10-06,8.665000915527344,8.748897649546668,8.54724641106136,8.676986391843977,670868800
2010-10-07,8.665901184082031,8.703654638553498,8.596687050950102,8.699459721379041,408399600
2010-10-08,8.811219215393066,8.824103200467482,8.689270612456525,8.740506515841629,658403200
2010-10-11,8.849874496459961,8.906205447839058,8.82710368648554,8.831298604148783,427753200
2010-10-12,8.945158004760742,8.973923156220673,8.763881223608838,8.851373625768556,558544000
2010-10-13,8.993096351623535,9.047628667592399,8.982908696955173,8.994894173035599,630092400
2010-10-14,9.058111190795898,9.062904578394502,9.000880975215798,9.039533713471256,435296400
2010-10-15,9.430553436279297,9.438343993756376,9.136017237116363,9.211823353859023,922194000
2010-10-18,9.52823257446289,9.558194654144325,9.417069322361328,9.5423151039564,1093010800
2010-10-19,9.273250579833984,9.401491980769949,8.98950121838271,9.090776096707614,1232784000
2010-10-20,9.304410934448242,9.41587345502286,9.19474703527647,9.258567691334893,721624400
2010-10-21,9.274149894714355,9.430556366006071,9.192650252908802,9.359244379450859,551460000
2010-10-22,9.212725639343262,9.289730328256303,9.177669319523584,9.26066594679403,372778000
2010-10-25,9.253775596618652,9.336472995049604,9.241790118542282,9.26126692046572,392462000
2010-10-26,9.230103492736816,9.280740926572474,9.158191439841131,9.194747140113174,392929600
2010-10-27,9.22351360321045,9.285536452940912,9.156695762078723,9.218120137995044,399002800
2010-10-28,9.145906448364258,9.228603819253594,9.015867254938692,9.227105234943803,551051200
2010-10-29,9.018266677856445,9.165085585928228,9.01497027129051,9.115646688327324,430511200
2010-11-01,9.114148139953613,9.156695787784802,9.054821622614963,9.05542089652947,423889200
2010-11-02,9.269354820251465,9.294224284265315,9.198642908271282,9.198642908271282,433930000
2010-11-03,9.372430801391602,9.374827897357807,9.244488604541095,9.329583111045057,508348400
2010-11-04,9.53632640838623,9.593555861053037,9.43924564464644,9.451830395527162,642488000
2010-11-05,9.50217056274414,9.575280393690832,9.49078515635328,9.527939345852397,361253200
2010-11-08,9.546813011169434,9.58127005643552,9.491081344772404,9.504265369104697,281758400
2010-11-09,9.470704078674316,9.627111303254996,9.423363059817554,9.61961998246952,383544000
2010-11-10,9.529135704040527,9.55130803779995,9.394900753411932,9.48748656886996,384227200
2010-11-11,9.487788200378418,9.54022346982577,9.41587612788912,9.438348500523517,361284000
2010-11-12,9.229503631591797,9.483290080394497,9.09766739855629,9.468309035773911,795846800
2010-11-15,9.199843406677246,9.304713949366501,9.17677175926981,9.242391057732615,403606000
2010-11-16,9.036541938781738,9.216619305119222,8.968525566414378,9.160289171250833,657650000
2010-11-17,9.003883361816406,9.108453841222339,8.921784450117421,9.024857145048975,479449600
2010-11-18,9.241488456726074,9.278642628915113,9.129427466510846,9.144707746900757,494491200
2010-11-19,9.190553665161133,9.240591833069969,9.145908962072788,9.227707844936997,384843200
2010-11-22,9.38920783996582,9.38920783996582,9.164784993710924,9.189054383414268,393075200
2010-11-23,9.250480651855469,9.340970225532526,9.185461423263519,9.302017415629013,519447600
2010-11-24,9.432352066040039,9.450330277144122,9.34096562660536,9.348455347751125,413725200
2010-11-26,9.438347816467285,9.51924819206801,9.37662420550017,9.400594361193523,237585600
2010-11-29,9.494382858276367,9.512659519875406,9.329885702993964,9.453332978663346,445785200
2010-11-30,9.322990417480469,9.41917187761149,9.31460058293039,9.394601647857693,501858000
2010-12-01,9.480295181274414,9.520744964725743,9.43834681319605,9.446436609866602,461750800
2010-12-02,9.532729148864746,9.558197083085561,9.435049127836562,9.51415166261948,462837200
2010-12-03,9.511459350585938,9.547714227626264,9.47850008051335,9.49857535956834,342092800
2010-12-06,9.592658042907715,9.65797729723597,9.540821251062898,9.547413263904927,448481600
2010-12-07,9.534531593322754,9.707716990413884,9.531835260190245,9.702025087178077,391454000
2010-12-08,9.618422508239746,9.618722545151844,9.501567332109705,9.577073421260536,321935600
2010-12-09,9.580974578857422,9.663072725934757,9.558801438325757,9.651987355817258,294151200
2010-12-10,9.604938507080078,9.619620312177277,9.546210486592916,9.577671954714551,262511200
2010-12-13,9.638199806213379,9.739775524346593,9.618125332246725,9.719100976427171,439815600
2010-12-14,9.596853256225586,9.664270376935114,9.558200485649907,9.640000181475735,351008000
2010-12-15,9.59894847869873,9.678050219816043,9.563891361530914,9.588160750225715,417312000
2010-12-16,9.625616073608398,9.666365896516965,9.591159026360547,9.620821882666377,322030800
2010-12-17,9.606437683105469,9.641794032272335,9.595051482494613,9.63699984254145,386929200
2010-12-20,9.65438175201416,9.68554399743946,9.535129436262265,9.636104296573686,385610400
2010-12-21,9.714006423950195,9.719699125325205,9.649586487026951,9.678050794000574,256354000
2010-12-22,9.742770195007324,9.759549861376492,9.694529854343763,9.718800043149901,265921600
2010-12-23,9.69603157043457,9.742474104701062,9.683147579646347,9.7379799498071,223157200
2010-12-27,9.728387832641602,9.751160237488538,9.633704970678926,9.673556279111791,249816000
2010-12-28,9.752060890197754,9.787716486756167,9.739776175415466,9.76524411577205,175924000
2010-12-29,9.74666690826416,9.781423992187326,9.740973406521631,9.774531942719907,163139200
2010-12-30,9.69782829284668,9.753259130616199,9.679550838198773,9.752360619778798,157494400
2010-12-31,9.66486930847168,9.692435109702513,9.627415087149362,9.676554750290283,193508000
2011-01-03,9.874910354614258,9.895584907090699,9.733185657309221,9.757155816660681,445138400
2011-01-04,9.926443099975586,9.9626979613231,9.832358722408099,9.960900140091933,309080800
2011-01-05,10.007644653320312,10.017832309774677,9.872811224171958,9.874309808993997,255519600
2011-01-06,9.999554634094238,10.045097846334077,9.974685169457526,10.029217489415199,300428800
2011-01-07,10.07116413116455,10.07805537918354,9.944719771251737,10.00734267746308,311931200
2011-01-10,10.260831832885742,10.284202713313414,10.102627534431644,10.152365664585233,448560000
2011-01-11,10.23656177520752,10.336038029037718,10.171541765817098,10.33364173385376,444108000
2011-01-12,10.319854736328125,10.320154773203418,10.24734502470061,10.284799227917206,302590400
2011-01-13,10.35761547088623,10.38638062645279,10.302783893334718,10.342035145053242,296780400
2011-01-14,10.441508293151855,10.441508293151855,10.320458176307277,10.363904330118912,308840000
2011-01-18,10.20689868927002,10.330046675572314,9.767940558048913,9.87341036432217,1880998000
2011-01-19,10.15266227722168,10.445100621207429,10.09393505898119,10.437609300439231,1135612800
2011-01-20,9.968093872070312,10.136485834902308,9.891388414240454,10.080454926257007,764789200
2011-01-21,9.789512634277344,10.034010740617582,9.786815502165254,10.000751445225276,754401200
2011-01-24,10.111017227172852,10.111017227172852,9.789513606802503,9.794008560736357,574683200
2011-01-25,10.229372024536133,10.23057137254975,10.02472516871286,10.077460476868668,546868000
2011-01-26,10.302777290344238,10.355212538091987,10.232364631987908,10.276110011178094,506875600
2011-01-27,10.283602714538574,10.327948176927922,10.27221731210645,10.300681618285314,285026000
2011-01-28,10.070561408996582,10.31925514720608,9.993557553350884,10.312363900999328,592057200
2011-01-31,10.167046546936035,10.188620403915994,10.016632822374012,10.061576757551851,377246800
2011-02-01,10.338135719299316,10.356712407338092,10.216785572940752,10.226373953914855,426633200
2011-02-02,10.316863059997559,10.344728095191318,10.293791415731695,10.320758740255933,258955200
2011-02-03,10.290494918823242,10.31446587374502,10.143976057307713,10.301281848538043,393797600
2011-02-04,10.382181167602539,10.38817390572483,10.29259173292064,10.296486612650856,321840400
2011-02-07,10.543380737304688,10.58442898585567,10.41633711212599,10.423827633390108,485021600
2011-02-08,10.64285659790039,10.65244497684445,10.551470161434148,10.597313398112865,381040800
2011-02-09,10.731549263000488,10.756718761856652,10.632971526158624,10.642559106576751,482745200
2011-02-10,10.623085975646973,10.78668456196979,10.427127396445748,10.708481312521869,928550000
2011-02-11,10.692298889160156,10.720763195957261,10.593121070472028,10.62937673716317,367572800
2011-02-14,10.762110710144043,10.771099016182179,10.688102403198922,10.690499498168679,310416400
2011-02-15,10.783686637878418,10.785784496585118,10.713273954627834,10.76241281440305,284174800
2011-02-16,10.88046932220459,10.933503067896009,10.801665995902024,10.81065430528434,481157600
2011-02-17,10.735745429992676,10.79477270427603,10.682410857254915,10.704284752905645,530583200
2011-02-18,10.503829956054688,10.771698913754001,10.472667721957784,10.748028001364228,816057200
2011-02-22,10.145773887634277,10.349222967165005,10.119107400408858,10.251842962958284,872555600
2011-02-23,10.265924453735352,10.326448703789655,10.145772063930801,10.150567054156001,671854400
2011-02-24,10.273714065551758,10.341730436853307,10.138581433732266,10.307872669715703,499900800
2011-02-25,10.431920051574707,10.44000984795769,10.331244451824494,10.345026949351274,380018800
2011-02-28,10.583232879638672,10.638364468856908,10.520609967896265,10.52420561068422,403074000
2011-03-01,10.466381072998047,10.658444001485002,10.417541439087051,10.650953476065213,456136800
2011-03-02,10.550573348999023,10.617391180438837,10.439110817677632,10.485853375999136,602590800
2011-03-03,10.773499488830566,10.780390738468135,10.664434041907855,10.702487533607895,500788400
2011-03-04,10.786683082580566,10.795372153527806,10.719265973272528,10.788780141047667,453266800
2011-03-07,10.647652626037598,10.836719091241136,10.52630249353474,10.828628495668745,546123200
2011-03-08,10.659643173217773,10.708782847071948,10.554472573723986,10.634174425181786,356316800
2011-03-09,10.56106185913086,10.629677522562064,10.505031748070518,10.627579663800692,453306000
2011-03-10,10.387276649475098,10.48016250854559,10.334242106750837,10.460685705746515,507539200
2011-03-11,10.546680450439453,10.556568871223822,10.337240193793898,10.347127014380712,471080400
2011-03-14,10.59372329711914,10.681215700550348,10.526306972652158,10.582337091167448,435957200
2011-03-15,10.350122451782227,10.422332954511749,10.19041956224157,10.250345350406215,721081200
2011-03-16,9.888092041015625,10.27731203338633,9.775730986451396,10.247349138842445,1162011200
2011-03-17,10.02682113647461,10.175737086366887,9.90756804173275,10.09243962219105,659422400
2011-03-18,9.90786361694336,10.133484935339792,9.887788350624156,10.10142419656187,753214000
2011-03-21,10.166450500488281,10.179633728284756,10.045399553746295,10.06727345462193,409402000
2011-03-22,10.223377227783203,10.26592567019958,10.161653622784776,10.264127848689029,325922800
2011-03-23,10.163152694702148,10.194014098631733,10.066071928674978,10.165849027047962,372996400
2011-03-24,10.336337089538574,10.367199288336188,10.15326335517316,10.242852782647434,404712000
2011-03-25,10.533195495605469,10.548775815405458,10.397762007552062,10.429223484221048,448910000
2011-03-28,10.500235557556152,10.616493084120936,10.500235557556152,10.581435963986856,309355200
2011-03-29,10.515813827514648,10.515813827514648,10.368995774724343,10.416936069476876,352900800
2011-03-30,10.446002960205078,10.513420871336464,10.410347364661902,10.506228784711888,329406000
2011-03-31,10.442407608032227,10.481059571077147,10.368998561904768,10.377986869525431,274019200
2011-04-01,10.324054718017578,10.534695109606872,10.286301259498,10.520313334993864,418661600
2011-04-04,10.223075866699219,10.325250034405366,10.139479184075286,10.316560965625795,460084800
2011-04-05,10.154163360595703,10.254838967475811,10.06757028919388,10.097233944830338,482731200
2011-04-06,10.128693580627441,10.304276800788912,10.101727060147692,10.223976513140288,402539200
2011-04-07,10.129897117614746,10.200309016788202,10.06847192872169,10.13049559155436,373447200
2011-04-08,10.03940486907959,10.191916458726185,10.006146371584995,10.185025209714423,377535200
2011-04-11,9.911764144897461,10.057682942932864,9.888393262266993,10.009442592832254,398946800
2011-04-12,9.959705352783203,9.999555868436847,9.893786021480611,9.902475093297799,425639200
2011-04-13,10.071464538574219,10.07176377540853,9.963297623857565,10.038205244549006,346220000
2011-04-14,9.96030330657959,10.067570932690618,9.94951717664849,10.03161529935676,301800800
2011-04-15,9.811689376831055,9.996861061258565,9.791914132909149,9.986673402217555,453605600
2011-04-18,9.94322395324707,9.95461015665492,9.592956781025237,9.77093711801277,609898800
2011-04-19,10.123300552368164,10.12689539488407,9.939027468823577,9.980676595724418,419378400
2011-04-20,10.25963306427002,10.359709396380746,10.232367304390987,10.292592325742431,700666400
2011-04-21,10.508028030395508,10.640764411830116,10.442708769130048,10.636868731051303,753810400
2011-04-25,10.577239990234375,10.599413120442659,10.496039591916675,10.49723893959402,266546000
2011-04-26,10.499637603759766,10.636568084659467,10.467576851284441,10.595519024098301,338800000
2011-04-27,10.491548538208008,10.557467874420388,10.400162058667755,10.554171467555454,356213200
2011-04-28,10.38967227935791,10.479560148973064,10.352817340703371,10.372892612956178,360959200
2011-04-29,10.490949630737305,10.605407753206393,10.387276839021307,10.390573245749998,1006345200
2011-05-02,10.375589370727539,10.501134436646872,10.352218491664727,10.479261342096406,442713600
2011-05-03,10.433117866516113,10.483755303623344,10.355813144749874,10.42682589152186,313348000
2011-05-04,10.474165916442871,10.541882245512783,10.393564802551763,10.434913888465783,389250400
2011-05-05,10.38967227935791,10.515516576976776,10.368697696355746,10.439110367616685,335969200
2011-05-06,10.386981010437012,10.487057391242724,10.373497742373868,10.477769042147957,280134400
2011-05-09,10.415141105651855,10.46308221365468,10.383080354658327,10.422930865619737,204747200
2011-05-10,10.47057056427002,10.477761848993156,10.386973879609636,10.453790899916033,282091600
2011-05-11,10.404051780700684,10.487049990137244,10.344426046263504,10.457686378180608,336000000
2011-05-12,10.38428020477295,10.400760637799115,10.255440311084074,10.370797741576332,322000000
2011-05-13,10.202401161193848,10.374687950203537,10.197907008472155,10.357010576118961,326116000
2011-05-16,9.98667049407959,10.223978152631295,9.965695908044172,10.16345309026924,449775200
2011-05-17,10.07176685333252,10.07176685333252,9.909666850235547,9.947720346026736,452334400
2011-05-18,10.183527946472168,10.218884307013674,10.06757124539592,10.081653782211738,334776400
2011-05-19,10.203299522399902,10.25962964502355,10.147567873324954,10.24974202989681,261170000
2011-05-20,10.044201850891113,10.215890250852466,10.038209110911849,10.174241108045974,337968400
2011-05-23,10.019628524780273,10.066970355907324,9.87041334584043,9.886892975648166,383600000
2011-05-24,9.953414916992188,10.064578255383745,9.927946169375065,10.052592774128891,321927200
2011-05-25,10.090940475463867,10.144275044547042,9.973185971941273,9.990564112362613,294224000
2011-05-26,10.037610054016113,10.094240247896817,10.020531144755209,10.066674443494778,222560800
2011-05-27,10.109818458557129,10.116410471298794,10.016933406584144,10.031615216732167,203599200
2011-05-31,10.422035217285156,10.422035217285156,10.217387541413386,10.22038471159149,417754400
2011-06-01,10.352517127990723,10.550871951852374,10.326749955222596,10.453193524494784,554682800
2011-06-02,10.370195388793945,10.426526325401415,10.316262347463978,10.382180864688838,338783200
2011-06-03,10.290494918823242,10.347125099677998,10.24764803704851,10.282705158572293,313250000
2011-06-06,10.128693580627441,10.398660422566557,10.121802332084476,10.35821064184693,461941200
2011-06-07,9.948920249938965,10.13409194020105,9.944725331378136,10.132594155050205,529785200
2011-06-08,9.954912185668945,10.031617661522994,9.907271900399543,9.94112968303974,333723600
2011-06-09,9.932437896728516,9.997757148140128,9.910264763613583,9.985172396912732,275088800
2011-06-10,9.76494312286377,9.937529972871387,9.753256883978562,9.904270677772171,433955200
2011-06-13,9.785918235778809,9.837154951339393,9.740074985029647,9.803895651718262,329473200
2011-06-14,9.96090316772461,9.985173361673098,9.8671187985723,9.887793348965554,334569200
2011-06-15,9.790414810180664,9.896783138998384,9.734383094304553,9.88030350495203,399196000
2011-06-16,9.742770195007324,9.848239983317928,9.538123393323819,9.794906215412993,510591200
2011-06-17,9.595954895019531,9.865323367488225,9.568988364106128,9.857532805195802,615020000
2011-06-20,9.447935104370117,9.51924708939352,9.30351331284716,9.509059434362015,640645600
2011-06-21,9.746964454650879,9.761945498515093,9.444338407490838,9.488683865521923,493382400
2011-06-22,9.666365623474121,9.854833649114967,9.65947357414033,9.742771039207843,390583200
2011-06-23,9.92464542388916,9.938427920097881,9.531830680266655,9.556399303921665,559759200
2011-06-24,9.778430938720703,9.982179320450793,9.740677472683194,9.928845528805086,439807200
2011-06-27,9.948920249938965,10.004651939291078,9.805397708195663,9.815585367557677,339813600
2011-06-28,10.045395851135254,10.088542762790272,9.990863537866,9.997155512447472,294299600
2011-06-29,10.008841514587402,10.078654907403752,9.94412074858498,10.068767290409797,352545200
2011-06-30,10.057680130004883,10.071464226319478,9.97288569493286,10.028616553348993,322954800
2011-07-01,10.285101890563965,10.29229237668774,10.013636436359494,10.066071698249749,435313200
2011-07-05,10.469969749450684,10.481955222225084,10.26232663427326,10.277307675142945,355054000
2011-07-06,10.539783477783203,10.609897695741232,10.388470479428873,10.455587528995553,444626000
2011-07-07,10.702784538269043,10.72675468860372,10.606902336733382,10.62697840777039,399663600
2011-07-08,10.777992248535156,10.786682118804581,10.552970134164129,10.587127941137913,489633200
2011-07-11,10.606904029846191,10.77979173709761,10.571547672412056,10.677018270956582,442674400
2011-07-12,10.59941291809082,10.71716741511765,10.445701994385646,10.592820106434623,451609200
2011-07-13,10.727355003356934,10.786681506814272,10.678214553865466,10.736642546710625,391638800
2011-07-14,10.719861030578613,10.834919166497249,10.677014166459042,10.816940957713886,430533600
2011-07-15,10.934100151062012,10.936497246443338,10.761813321071418,10.8217391054074,484467200
2011-07-18,11.20017147064209,11.225639407403984,10.944886428425153,10.949380581948184,572653200
2011-07-19,11.291558265686035,11.345491306156175,11.185788442846153,11.326015308186733,819145600
2011-07-20,11.592687606811523,11.873441419601518,11.565721082238145,11.868947265538834,941340400
2011-07-21,11.604371070861816,11.68736768325883,11.502796172481956,11.594183417312307,526534400
2011-07-22,11.784453392028809,11.836888666058888,11.618158460079437,11.635237368762391,516728800
2011-07-25,11.940256118774414,11.985200047883723,11.6741841859709,11.696056476752258,589806000
2011-07-26,12.087374687194824,12.120034706376952,11.975612933655981,11.98520051351535,476582400
2011-07-27,11.763175010681152,12.064303273524725,11.749990987992648,12.00287891341918,659324400
2011-07-28,11.740104675292969,11.895013358649344,11.629541454898739,11.734112737140086,594034000
2011-07-29,11.699955940246582,11.839883599733545,11.505795991435336,11.614861444199192,632584400
2011-08-01,11.887822151184082,11.970219496794494,11.756583591740045,11.918683551157716,612836000
2011-08-02,11.652913093566895,11.92228069478874,11.63613422546769,11.914790171535449,639539600
2011-08-03,11.762578010559082,11.79194163030627,11.45306065536616,11.714936137593241,732508000
2011-08-04,11.307140350341797,11.725123879576014,11.306541076462992,11.667895224396634,871407600
2011-08-05,11.194781303405762,11.4908170730236,10.863690803439285,11.399129746789322,1204590800
2011-08-08,10.583232879638672,11.019493803296218,10.57753937850848,10.83731856919919,1143833600
2011-08-09,11.206461906433105,11.22444011825308,10.636864630129303,10.825631853746867,1082583600
2011-08-10,10.897245407104492,11.225639455200131,10.861589815426901,11.120768938362206,878656800
2011-08-11,11.197175025939941,11.249610283781367,10.928106687919245,11.101892091048011,741969200
2011-08-12,11.295755386352539,11.375156378039241,11.21305718805613,11.328114576870147,528976000
2011-08-15,11.488117218017578,11.534859781103668,11.328713564474473,11.37485685367358,460544000
2011-08-16,11.400324821472168,11.486918698204137,11.267888492520967,11.43148706367118,498750000
2011-08-17,11.399125099182129,11.5213737508533,11.326015297653875,11.455155997897586,442061200
2011-08-18,10.96795654296875,11.165713686648086,10.827729681201648,11.111479810519654,851435200
2011-08-19,10.667732238769531,10.996427244121419,10.666833727771936,10.851705365897852,775888400
2011-08-22,10.680015563964844,10.932904371628693,10.639565772271009,10.921817403444868,535315200
2011-08-23,11.194180488586426,11.195379036393724,10.696794349939246,10.7956721437453,656835200
2011-08-24,11.271483421325684,11.354780080330116,11.104289229311819,11.190283020501136,626267600
2011-08-25,11.197774887084961,11.249610873839668,10.936497094832555,10.938894190180651,871346000
2011-08-26,11.49321174621582,11.499802959046104,11.110283723420658,11.121369890570016,641477200
2011-08-29,11.684673309326172,11.730517357931193,11.62564683646871,11.631039500917693,405269200
2011-08-30,11.685271263122559,11.740702886784986,11.572010920714023,11.63313524515095,417922400
2011-08-31,11.530660629272461,11.747892132884859,11.441670489983514,11.702648171181346,522586400
2011-09-01,11.416801452636719,11.60586790095483,11.407513110507406,11.560324700792481,343725200
2011-09-02,11.207664489746094,11.326018293168717,11.141146682256123,11.228338240635992,438939200
2011-09-06,11.378154754638672,11.395832136478674,10.980844116367539,11.007511407791783,509698000
2011-09-07,11.503697395324707,11.553735560634792,11.445867870024381,11.552537012959153,350576800
2011-09-08,11.509994506835938,11.643929469011281,11.455162126354685,11.457858459778805,416158400
2011-09-09,11.310436248779297,11.565720508896883,11.236726365095066,11.503697665472465,564813200
2011-09-12,11.38414478302002,11.412309052502712,11.143241506775514,11.17620156703913,467832400
2011-09-13,11.524372100830078,11.572012371344073,11.393432765716003,11.450062944019248,440560400
2011-09-14,11.664600372314453,11.75179273305246,11.558531281928065,11.59628474122483,534724400
2011-09-15,11.774264335632324,11.795238922812251,11.682577826256148,11.728421080944237,417818800
2011-09-16,12.000184059143066,12.000184059143066,11.83628705560787,11.851568139302541,698513200
2011-09-19,12.333671569824219,12.38161267640755,11.841380517112315,11.895312761833733,823860800
2011-09-20,12.388203620910645,12.670155934544495,12.320487283755671,12.442136661082468,775754000
2011-09-21,12.348954200744629,12.63210430340036,12.34475928365583,12.573676301240003,605976000
2011-09-22,12.039735794067383,12.27944055154829,11.886325677394044,12.016065675355675,968480800
2011-09-23,12.114041328430176,12.18715112154637,11.98070572703571,11.993589711873634,546277200
2011-09-26,12.080187797546387,12.10445799309601,11.724527100113987,11.98100995651834,812876400
2011-09-27,11.963027954101562,12.262357584198293,11.927072330052024,12.246777267165946,632497600
2011-09-28,11.895614624023438,12.097265085741041,11.88063197679561,11.990895971370458,429637600
2011-09-29,11.702653884887695,12.051423328323946,11.572014562014918,12.0427342559607,651086800
2011-09-30,11.425493240356445,11.652313985061083,11.4212983235355,11.599278651016999,547640800
2011-10-03,11.224143028259277,11.465046346478417,11.181296942697545,11.397030755966245,669099200
2011-10-04,11.16121768951416,11.439873585653993,10.614094351199139,11.223241323198726,1233677200
2011-10-05,11.333507537841797,11.380548533498802,10.795670874005653,11.022191582350528,786469600
2011-10-06,11.307140350341797,11.529166121798276,11.140246175538195,11.186089427118898,812582400
2011-10-07,11.080316543579102,11.31822259023398,11.041065318283335,11.259495370683462,535458000
2011-10-10,11.649916648864746,11.649916648864746,11.332308703777176,11.35867675363171,442514800
2011-10-11,11.993889808654785,12.080483666631858,11.730515792565576,11.762575738505586,605687600
2011-10-12,12.050824165344238,12.262362274301429,11.989399784078863,12.205133610889874,622286000
2011-10-13,12.237791061401367,12.237791061401367,12.070596860814192,12.134417524383256,426185200
2011-10-14,12.644391059875488,12.644391059875488,12.442738983313102,12.489482349751471,573367200
2011-10-17,12.584165573120117,12.785217581133965,12.462814599498797,12.636600843161965,686044800
2011-10-18,12.65157413482666,12.728579589401495,12.464305542365524,12.63719156896415,881602400
2011-10-19,11.943854331970215,12.237491319088457,11.919284103994231,12.025653212668143,1104059600
2011-10-20,11.844675064086914,11.995688866438979,11.81171660416083,11.985201974630876,549270400
2011-10-21,11.771563529968262,11.95943224464533,11.708042114526467,11.928270810656871,621244400
2011-10-24,12.158089637756348,12.179961933432612,11.847373743218164,11.870744623589225,502138000
2011-10-25,11.918383598327637,12.181459192762608,11.906698959512026,12.135915184593541,430427200
2011-10-26,12.003178596496582,12.06160658608684,11.779953528552099,12.037934873271988,456304800
2011-10-27,12.125730514526367,12.254872048455018,12.04183456315402,12.211724324739787,494664800
2011-10-28,12.133517265319824,12.175465627881813,12.060407467737104,12.07508927461903,322842800
2011-10-31,12.128427505493164,12.264759525014872,12.016664917145516,12.057714781539689,385501200
2011-11-01,11.880636215209961,11.970225692756886,11.782058426277594,11.90760354966308,531790000
2011-11-02,11.90759563446045,11.998383599856822,11.838679958988731,11.987896710145353,327350800
2011-11-03,12.077187538146973,12.087075155342417,11.846172699524816,11.95733518396133,441386400
2011-11-04,11.992392539978027,12.088273945189329,11.960032555717982,12.046026343535646,302229200
2011-11-07,11.977112770080566,11.985203367645893,11.869246670261822,11.982507035189885,270275600
2011-11-08,12.171871185302734,12.224906517559726,12.031944350791248,12.051420349611506,400442000
2011-11-09,11.843777656555176,12.011870378396425,11.812316978200567,11.89441509894944,558684000
2011-11-10,11.54234790802002,11.90160412763604,11.450361385714453,11.896210663773068,744752400
2011-11-11,11.524372100830078,11.64662076502863,11.393732802688321,11.583997848264948,653786000
2011-11-14,11.36376667022705,11.543245535496984,11.332005965541553,11.491408762644204,432905200
2011-11-15,11.650517463684082,11.670591939133773,11.369464406105791,11.409914194102388,430810800
2011-11-16,11.528864860534668,11.719729156877678,11.515380800579905,11.663098985422257,349210400
2011-11-17,11.308340072631836,11.523174579856272,11.251110611409723,11.505196361624797,479900400
2011-11-18,11.234331130981445,11.385644203210125,11.232533309127906,11.353584246970089,371938000
2011-11-21,11.05665111541748,11.136652184110076,10.96376525729579,11.098298652933163,447980400
2011-11-22,11.281373977661133,11.323921629007236,11.114479779128164,11.116876874984213,409021200
2011-11-23,10.996127128601074,11.261299884837412,10.992830721402783,11.221448562086806,428271200
2011-11-25,10.893651962280273,11.12077118223775,10.886160638067052,11.038972290615098,254760800
2011-11-28,11.269684791564941,11.287663005789222,11.096199424842615,11.156724479200609,346413200
2011-11-29,11.182195663452148,11.35088767673537,11.092306972952144,11.261298223155329,375855200
2011-11-30,11.451861381530762,11.454258477043872,11.335005375562554,11.424595620217088,405938400
2011-12-01,11.62354564666748,11.655605587697291,11.40841120085264,11.462044993889634,387181200
2011-12-02,11.676582336425781,11.794336833508401,11.643023804941926,11.680477215935197,379055600
2011-12-05,11.775760650634766,11.877635604024746,11.697258177283958,11.790143222905893,357210000
2011-12-06,11.71403980255127,11.824304615724591,11.66699879491988,11.760782373337973,283598000
2011-12-07,11.658306121826172,11.713737752041972,11.588491919407904,11.683474823081905,304746400
2011-12-08,11.705349922180176,11.850371016321253,11.692465932425723,11.729020842933174,376356400
2011-12-09,11.794039726257324,11.80662447872681,11.716435752942237,11.770968880211315,296993200
2011-12-12,11.740707397460938,11.802431019382455,11.669096154569738,11.735913205451686,301067200
2011-12-13,11.649916648864746,11.847373785399837,11.59867993395442,11.775461722258807,338928800
2011-12-14,11.391633033752441,11.607067544733619,11.316426178932945,11.586692237385158,406887600
2011-12-15,11.354179382324219,11.49800187778923,11.335302659791974,11.48571716631718,256200000
2011-12-16,11.416504859924316,11.510289220290076,11.373058704517025,11.39672962232194,421478400
2011-12-19,11.452160835266113,11.531263382972819,11.40032404748445,11.459951395286952,235530400
2011-12-20,11.863849639892578,11.868344592766624,11.60347121364492,11.618452256295976,337215200
2011-12-21,11.878833770751953,11.90430250828265,11.745797381806348,11.886024256558324,262948000
2011-12-22,11.941752433776855,11.959131369637017,11.868343411854763,11.895309125923868,202358800
2011-12-23,12.084981918334961,12.09277247983953,11.969923717948348,11.975916457567246,269399200
2011-12-27,12.180863380432129,12.257568847535953,12.075692800121331,12.078090696073247,265076000
2011-12-28,12.064308166503906,12.232400123414582,12.025356156497484,12.191651091502104,228662000
2011-12-29,12.138614654541016,12.154495814210039,12.000486410090385,12.08707869521807,215978000
2011-12-30,12.135017395019531,12.173370119951594,12.089773421107813,12.090371894837848,179662000
2012-01-03,12.321687698364258,12.359741189230188,12.254870661806896,12.266856139260517,302220800
2012-01-04,12.387908935546875,12.425063926074142,12.263263135463715,12.284836200832308,260022000
2012-01-05,12.525433540344238,12.541013857857749,12.364831374583868,12.433147782476386,271269600
2012-01-06,12.656371116638184,12.666858006511545,12.561088997065529,12.577568624037498,318292800
2012-01-09,12.636300086975098,12.816677533669093,12.624913882667586,12.749261218937114,394024400
2012-01-10,12.681541442871094,12.764239625267923,12.629405423508265,12.761542493177561,258196400
2012-01-11,12.660865783691406,12.669854889704453,12.563785839045826,12.664760662914505,215084800
2012-01-12,12.626113891601562,12.671357876963821,12.547011326403412,12.652781183674211,212587200
2012-01-13,12.578770637512207,12.597947402731654,12.544313587656537,12.575475831138139,226021600
2012-01-17,12.725288391113281,12.76394115263409,12.673152368628932,12.71030654554348,242897200
2012-01-18,12.857425689697266,12.86821181859436,12.773229716394157,12.793004952787646,276791200
2012-01-19,12.816675186157227,12.925140543772716,12.779521010583956,12.888586442099136,261738400
2012-01-20,12.593449592590332,12.809183351796316,12.576969963766203,12.808884114956959,413974400
2012-01-23,12.806488990783691,12.837651231994723,12.65337811758484,12.664464284120221,306062400
2012-01-24,12.596746444702148,12.737273350092748,12.570978471467525,12.737273350092748,547638000
2012-01-25,13.383275032043457,13.61668617107432,13.295483422594584,13.61638693423042,958314000
2012-01-26,13.3224515914917,13.447096546491355,13.277806891715557,13.434213359412816,323985200
2012-01-27,13.40185260772705,13.437808235044361,13.296682857880569,13.31376096075531,299709200
2012-01-30,13.573540687561035,13.600207972238378,13.345222965085924,13.354810546012674,379341200
2012-01-31,13.677513122558594,13.730247622737586,13.575338928326191,13.65084583548583,391683600
2012-02-01,13.668824195861816,13.752720938058145,13.6496490320834,13.735342795803819,270046000
2012-02-02,13.636763572692871,13.698187141533325,13.602605763640682,13.660134452539552,186796400
2012-02-03,13.773393630981445,13.782982011677442,13.649946429914577,13.702082449850538,286599600
2012-02-06,13.901936531066895,13.932199462534873,13.729051214030072,13.734443878954306,249412800
2012-02-07,14.047553062438965,14.075119652370896,13.920209402673303,13.940285471477274,316223600
2012-02-08,14.282766342163086,14.286061148153625,14.073623771327123,14.097594725061096,407890000
2012-02-09,14.77685546875,14.884123082378935,14.3990217257655,14.405014463973579,884214800
2012-02-10,14.784348487854004,14.910192811078714,14.638428088193029,14.710640195744388,631302000
2012-02-13,15.059404373168945,15.096258506389905,14.894307265496414,14.967417058323438,517216000
2012-02-14,15.264946937561035,15.26794250549568,15.04142348299323,15.12112447237404,460398400
2012-02-15,14.911691665649414,15.76923101486202,14.888319183424132,15.408776964736186,1506120000
2012-02-16,15.047723770141602,15.128024877596092,14.580899773955897,14.726820177440564,944552000
2012-02-17,15.045022964477539,15.21431420110232,14.990489852458559,15.074685815426681,535805200
2012-02-21,15.426456451416016,15.426456451416016,15.104952793981287,15.187650994793705,605595200
2012-02-22,15.372217178344727,15.44562620763447,15.253263347057281,15.37341572576572,483302400
2012-02-23,15.47259521484375,15.515742928944151,15.266150588989975,15.433343980636332,568027600
2012-02-24,15.652972221374512,15.667654029212015,15.540012712158456,15.570874112262448,415072000
2012-02-27,15.75335693359375,15.835455082064527,15.469307421131038,15.620020451353664,547582000
2012-02-28,16.042503356933594,16.042503356933594,15.756056685996946,15.819278914859705,600387200
2012-02-29,16.253131866455078,16.40804215026412,16.051182187738124,16.226765418302346,952011200
2012-03-01,16.31395721435547,16.426020621493375,16.143168171733933,16.42482047362524,683270000
2012-03-02,16.33523178100586,16.383770561222633,16.25552916125057,16.307066710930513,431712400
2012-03-05,15.97507095336914,16.404139654142693,15.760534202687545,16.342416872983062,809124400
2012-03-06,15.888182640075684,15.990955299183216,15.467502022391653,15.690427081370705,810238800
2012-03-07,15.901070594787598,16.113508004255703,15.67964327618934,16.084144381518374,798520800
2012-03-08,16.239652633666992,16.269614729256272,15.943916956992874,16.020921654917856,516457200
2012-03-09,16.334936141967773,16.411940846285066,16.27321172362209,16.306170991624736,418919200
2012-03-12,16.53958511352539,16.53958511352539,16.389768210460645,16.44909553765373,407282400
2012-03-13,17.02198600769043,17.024383103364535,16.651941963937713,16.705577379695203,690855200
2012-03-14,17.665590286254883,17.81959966967463,17.240713915377793,17.32011730275437,1418844000
2012-03-15,17.545135498046875,17.978100788470257,17.33509524578061,17.966115313268755,1159718000
2012-03-16,17.545440673828125,17.654206097753082,17.31862067950353,17.51997193045326,825487600
2012-03-19,18.010761260986328,18.030835732305636,17.649707212501113,17.928962390926507,901236000
2012-03-20,18.15638542175293,18.18454889359459,17.722520737243094,17.963123197423116,816662000
2012-03-21,18.052711486816406,18.266947492473648,18.020053061502445,18.05990277317835,644042000
2012-03-22,17.95803451538086,18.112644015664586,17.84387481221956,17.911291140756944,623870800
2012-03-23,17.859447479248047,18.0317342817846,17.810007794935736,17.99248305131798,430488800
2012-03-26,18.18694305419922,18.192038081464734,17.83577822114506,17.971508531348643,595742000
2012-03-27,18.411666870117188,18.46559991042837,18.159378207985053,18.162973850685603,607129600
2012-03-28,18.50575065612793,18.62050878656349,18.28672048643361,18.528521459949975,655460400
2012-03-29,18.27324104309082,18.47399380417302,18.194439323593844,18.360733434505512,608238400
2012-03-30,17.964323043823242,18.29421493497022,17.916081893426178,18.240581119404542,731038000
2012-04-02,18.5360164642334,18.540210581316764,17.989190647294933,18.032637603773544,598351600
2012-04-03,18.8563175201416,18.94291218503066,18.652269989906667,18.795791665854182,834559600
2012-04-04,18.706205368041992,18.752647893643,18.48717516521357,18.707403915803255,572980800
2012-04-05,18.986955642700195,19.01631925604408,18.678935339215133,18.786202939045864,641298000
2012-04-09,19.063358306884766,19.171525206385112,18.73586364026482,18.760732297953663,597536800
2012-04-10,18.829954147338867,19.296178042995532,18.75684433129117,19.174228603948535,889725200
2012-04-11,18.762832641601562,19.08253759279808,18.677137293705876,19.062463121912202,696614800
2012-04-12,18.660062789916992,18.916547220002645,18.592046402023136,18.72688063000394,614336800
2012-04-13,18.134510040283203,18.717890734294816,18.082974089153815,18.70021175559279,859644800
2012-04-16,17.382436752319336,18.28581992627264,17.32610662010755,18.279228715131786,1050786800
2012-04-17,18.26844596862793,18.277434276821992,17.136144763994068,17.346785134444044,1025528000
2012-04-18,18.22768783569336,18.58454765564429,18.05899512137908,18.388888430026427,954531200
2012-04-19,17.601465225219727,18.119525777424844,17.513972858464204,17.984392347990166,834719200
2012-04-20,17.16820526123047,17.816605224865803,17.091499801563984,17.719524452422988,1030985200
2012-04-23,17.129852294921875,17.27876986501379,16.678010956925984,17.09719386626135,966529200
2012-04-24,16.78767204284668,17.009697783214204,16.629466961388967,16.857485439705428,1076149200
2012-04-25,18.27742576599121,18.517130408253852,18.157574244958163,18.446417722808974,905777600
2012-04-26,18.208515167236328,18.417956932252707,18.04162103632638,18.405371384009182,536068400
2012-04-27,18.06769561767578,18.162979378139017,17.992788772247206,18.12972087318532,406722400
2012-04-30,17.49778938293457,17.92985685697924,17.46842577598547,17.91187864858288,506144800
2012-05-01,17.442363739013672,17.880721715558494,17.415397218532057,17.525361158775116,610999200
2012-05-02,17.557720184326172,17.60026782298002,17.344383517370215,17.38573260845357,427389200
2012-05-03,17.433080673217773,17.72012731833713,17.387537449445368,17.69316078845369,390549600
2012-05-04,16.936586380004883,17.32940111430517,16.934189285051826,17.291049195253134,529992400
2012-05-07,17.063331604003906,17.161910143111665,16.816136364014806,16.824226960302855,460118400
2012-05-08,17.024389266967773,17.1238655730634,16.741239038789487,17.066336856254203,497252000
2012-05-09,17.054340362548828,17.198164462009913,16.80474964710426,16.890144156030043,480704000
2012-05-10,17.09449577331543,17.255097983290455,17.032174486104005,17.21614597863528,333200000
2012-05-11,16.9803409576416,17.212854482448993,16.909628221763892,16.92910422783693,399546000
2012-05-14,16.725950241088867,17.00430616123257,16.707373550659103,16.856289511386507,352626400
2012-05-15,16.574634552001953,16.87576283205727,16.532086912810158,16.82272910163888,476336000
2012-05-16,16.362199783325195,16.686100518783228,16.211185964021865,16.601005226928518,560896000
2012-05-17,15.883989334106445,16.404746305352067,15.883989334106445,16.339127019293585,717220000
2012-05-18,15.891776084899902,16.282193720922074,15.646080255091514,15.999043682840357,732292400
2012-05-21,16.817638397216797,16.82542975862476,16.00174572088097,16.01523058483351,631106000
2012-05-22,16.68849754333496,17.19517121169238,16.556959725891847,17.06543041580604,694870400
2012-05-23,17.095699310302734,17.162816402370762,16.576439957733808,16.704380564321674,584897600
2012-05-24,16.938684463500977,17.273671286761726,16.81613498264151,17.254793763706008,496230000
2012-05-25,16.847896575927734,16.95456570816328,16.733437684680446,16.916812260265992,328507200
2012-05-29,17.14692497253418,17.19876174815758,16.93838412321664,17.105876723837156,380508800
2012-05-30,17.353670120239258,17.378239541738417,16.975836454997815,17.0549389828712,529429600
2012-05-31,17.310522079467773,17.423481558378835,17.12265419683974,17.40070916041899,491674400
2012-06-01,16.808940887451172,17.158310222211636,16.794859156916555,17.05373897122225,520987600
2012-06-04,16.907821655273438,17.004003092377868,16.43470742883522,16.824225767079707,556995600
2012-06-05,16.864076614379883,16.973142844614294,16.729244011317125,16.817334858677732,388214400
2012-06-06,17.122652053833008,17.194262443373855,16.944071734681053,17.012088083085196,401455600
2012-06-07,17.130449295043945,17.298241163316188,17.093894392282937,17.297343452737966,379766800
2012-06-08,17.38812828063965,17.395919639308733,17.048947346933222,17.126851332442715,347516400
2012-06-11,17.113971710205078,17.633229309104397,17.097790515860403,17.609858428625362,591264800
2012-06-12,17.263486862182617,17.277269361464388,16.98003751494275,17.212550982159627,435380400
2012-06-13,17.14362907409668,17.332994752905453,17.09029451765547,17.214341766840068,293580000
2012-06-14,17.124757766723633,17.18378584448609,16.9968171925168,17.116068695419955,345573200
2012-06-15,17.202659606933594,17.217341415253816,17.065428304510263,17.10887525575848,335255200
2012-06-18,17.551725387573242,17.614947564352505,17.089996591633778,17.107675566273915,440412000
2012-06-19,17.600568771362305,17.678171926697594,17.471428070169964,17.48041637690698,361404400
2012-06-20,17.550533294677734,17.655703060395556,17.402515046440456,17.624540818599094,358943200
2012-06-21,17.308734893798828,17.624844341808675,17.301842842445314,17.541547652429575,326351200
2012-06-22,17.441469192504883,17.444165525250153,17.241316492339607,17.349782677783345,284471600
2012-06-25,17.101987838745117,17.37255401163566,17.090002360400458,17.297645572080224,304382400
2012-06-26,17.139739990234375,17.21344827614506,16.99891303070471,17.118764604629817,276536400
2012-06-27,17.213747024536133,17.2808640960532,17.13644309758961,17.228728070802322,202997200
2012-06-28,17.050445556640625,17.19876300970689,16.94737367183581,17.128949617943483,282836400
2012-06-29,17.498395919799805,17.498395919799805,17.206255926192195,17.318616969826767,421500800
2012-07-02,17.75368309020996,17.782147401881474,17.48641331686212,17.520271894029737,400092000
2012-07-03,17.960121154785156,17.977800129357973,17.79802281614903,17.824389259309452,241712800
2012-07-05,18.275636672973633,18.40747372333829,17.967317069195648,17.994582830000173,484383200
2012-07-06,18.153982162475586,18.230687599030176,18.02514231217429,18.190237822765923,418930400
2012-07-09,18.39398956298828,18.3942887998579,18.100951857182725,18.136607450384997,379405600
2012-07-10,18.223800659179688,18.5731685067994,18.136906752482215,18.51623829210057,511957600
2012-07-11,18.110546112060547,18.207326067909978,17.894513024105905,18.161182767531766,469322000
2012-07-12,17.94484519958496,18.08177567548332,17.758475030527052,17.98499574791051,428041600
2012-07-13,18.126718521118164,18.193235512009412,17.977802583634272,18.066194268171675,311427200
2012-07-16,18.184850692749023,18.325975297298157,18.128219708589533,18.131216878223068,301260400
2012-07-17,18.185739517211914,18.322370688821106,18.07217837747157,18.30109607734186,293624800
2012-07-18,18.165372848510742,18.227695728317737,18.084471679373138,18.17526046692365,252700000
2012-07-19,18.406877517700195,18.437738925510043,18.15758435886535,18.31578947887617,436861600
2012-07-20,18.106647491455078,18.410472162128556,18.088669274202914,18.36822375163531,397471200
2012-07-23,18.092559814453125,18.154583448946635,17.60955636152432,17.810008235159465,487975600
2012-07-24,18.00537109375,18.26784664286669,17.933158993882362,18.198930949268632,565132400
2012-07-25,17.227827072143555,17.40251096687535,17.07891114814264,17.212546791915695,877312800
2012-07-26,17.225135803222656,17.390530603545173,17.089703098520637,17.371353838221737,406632800
2012-07-27,17.53314781188965,17.553223880369785,17.126550618182076,17.229024017937462,403936400
2012-07-30,17.82888412475586,17.96102037730747,17.61284955284269,17.70573617775172,379142400
2012-07-31,18.30020523071289,18.328371901224447,18.059303548394837,18.0745838311306,462327600
2012-08-01,18.181848526000977,18.46919428467951,18.067688878345283,18.4545124780432,384501600
2012-08-02,18.211214065551758,18.298106367076056,17.985293441509754,18.062898199194212,332158400
2012-08-03,18.448223114013672,18.516538730101068,18.324175832108516,18.386199473061094,344920800
2012-08-06,18.653474807739258,18.72298899238182,18.435044632741473,18.4958681441308,302103200
2012-08-07,18.604331970214844,18.726879878106484,18.518337368670156,18.660062040702314,290446800
2012-08-08,18.572866439819336,18.69331806300385,18.490168262701697,18.55878310667668,244706000
2012-08-09,18.678791046142578,18.708883387302013,18.590622495379957,18.592126710671025,221642400
2012-08-10,18.70798110961914,18.70978584664117,18.617707295960614,18.61800781761967,194938800
2012-08-13,18.957744598388672,18.957744598388672,18.754625676681947,18.75883940877296,278832400
2012-08-14,19.008594512939453,19.21683029352597,18.964059456396033,19.014011937723225,340169200
2012-08-15,18.982715606689453,19.078106315042096,18.89003441422007,18.996859408165466,257342400
2012-08-16,19.148521423339844,19.161159402417077,18.97278537450295,18.99415133735033,254534000
2012-08-17,19.50270652770996,19.50511391570161,19.222854905486784,19.258663596561547,442761200
2012-08-20,20.015466690063477,20.015466690063477,19.556568449466923,19.55987900935356,613384800
2012-08-21,19.741931915283203,20.308257807916345,19.569506390456386,20.186085295069308,812719600
2012-08-22,20.127403259277344,20.13131486183291,19.502700724928705,19.692578976837165,565322800
2012-08-23,19.939632415771484,20.158397713871643,19.895095749964923,20.044350550965124,420128800
2012-08-24,19.957386016845703,20.14576006166675,19.726583778285576,19.845746239463534,437340400
2012-08-27,20.332324981689453,20.488499784832037,20.26792818670359,20.46201852936606,427008400
2012-08-28,20.305845260620117,20.3449644965263,20.181565913387658,20.311261077931917,267416800
2012-08-29,20.265825271606445,20.39220989228493,20.239646139695754,20.319388836160364,202806800
2012-08-30,19.976940155029297,20.20804445888795,19.94624677789084,20.180661640255444,302699600
2012-08-31,20.018173217773438,20.119280281041252,19.777739804932143,20.078656821313945,338321200
2012-09-04,20.310958862304688,20.31607415757641,19.995899742970867,20.033815282193512,367892000
2012-09-05,20.16832733154297,20.35248762310455,20.149368756403327,20.329016402462486,336375200
2012-09-06,20.350082397460938,20.410868124531063,20.185481706796192,20.256798548224673,391196400
2012-09-07,20.475574493408203,20.536961290881923,20.335046007144733,20.40365336279033,329666400
2012-09-10,19.942941665649414,20.561323579328416,19.923682568186834,20.4758645484733,487998000
2012-09-11,19.878238677978516,20.164409114248386,19.755163052149957,20.01425280092848,503983200
2012-09-12,20.15508270263672,20.158393261266124,19.74012024911386,20.066613648001425,712233200
2012-09-13,20.551992416381836,20.627823491762904,20.304939574707266,20.383178036832724,598360000
2012-09-14,20.8017635345459,20.973285907907087,20.699751675707258,20.762043240533014,600474000
2012-09-17,21.057533264160156,21.058134307337774,20.90195950519688,21.044593158100902,398031200
2012-09-18,21.12162971496582,21.134267693436925,20.956426394661584,21.06054347390973,373503200
2012-09-19,21.127349853515625,21.18422236960513,21.05121823903914,21.071981552720693,326874800
2012-09-20,21.025039672851562,21.06596526115259,20.872173777745058,21.038881347713605,336568400
2012-09-21,21.066869735717773,21.216725613553013,21.0449027230834,21.13668237715824,571589200
2012-09-24,20.78700828552246,20.917306094058752,20.552595010104493,20.66874901868361,639766400
2012-09-25,20.267940521240234,20.84690455700455,20.251689846508167,20.710888723675524,518789600
2012-09-26,20.016366958618164,20.242354421864498,19.896601847354766,20.123492482633335,576503200
2012-09-27,20.502037048339844,20.527615127118388,19.871015752492223,19.989577122301668,594090000
2012-09-28,20.074148178100586,20.495731963957283,20.063615453670362,20.424715623925007,535110800
2012-10-01,19.842144012451172,20.36453605755627,19.75517911337495,20.1963226016815,543594800
2012-10-02,19.89990234375,20.05156446974244,19.579125344252322,19.914947704911587,627992400
2012-10-03,20.205034255981445,20.21737331811733,19.939627104152677,20.006731803103705,424281200
2012-10-04,20.065113067626953,20.289295781868944,20.027499650754784,20.199020367240564,370725600
2012-10-05,19.637508392333984,20.041036582536822,19.598088636633037,20.016964320290317,594006000
2012-10-08,19.203596115112305,19.486157258740846,19.141606676849133,19.465694460477682,637994000
2012-10-09,19.1337833404541,19.27340863117347,18.763656272060654,19.218040313902293,838597200
2012-10-10,19.286043167114258,19.40851619810208,19.168384911295238,19.25083552545932,510356000
2012-10-11,18.900569915771484,19.47532168650512,18.900569915771484,19.454257847284097,546081200
2012-10-12,18.94901466369629,19.11963381880252,18.81631105495451,18.94450041075102,460014800
2012-10-15,19.100976943969727,19.112110708193992,18.772677142504033,19.028456412159066,432502000
2012-10-16,19.553247451782227,19.5685949420931,18.987825016858018,19.119326492215908,549771600
2012-10-17,19.39737892150879,19.64352863272536,19.379022996266958,19.52556987657491,389037600
2012-10-18,19.037179946899414,19.32064252044135,18.957737786863706,19.246317262830207,476624400
2012-10-19,18.351097106933594,19.011005791869565,18.34447598718332,18.989340909502214,744086000
2012-10-22,19.07901382446289,19.119637287136623,18.378780586878403,18.42873307877996,546730800
2012-10-23,18.457021713256836,19.075104941472496,18.407070821299676,18.987837927282364,707145600
2012-10-24,18.561439514160156,18.853930739468936,18.375172279722186,18.70016324431779,558527200
2012-10-25,18.342060089111328,18.71700331995501,18.22199449490124,18.656818655003825,656325600
2012-10-26,18.175355911254883,18.47627286281496,17.784165159880747,18.338752887067017,1018432800
2012-10-31,17.91416358947754,18.113971923083888,17.68486556366509,17.900922958737155,510003200
2012-11-01,17.950876235961914,18.14526715294511,17.879559389707257,18.001429766679014,361298000
2012-11-02,17.35686683654785,17.96321349802852,17.295179541024567,17.931316417357785,599373600
2012-11-05,17.592182159423828,17.6869702230075,17.38093793925695,17.559081387228364,529135600
2012-11-06,17.53891944885254,17.77634280538397,17.455867798675616,17.76099691619224,374917200
2012-11-07,16.86783790588379,17.367826551972506,16.799821278238156,17.346666505010617,793648800
2012-11-08,16.255699157714844,16.995708368882177,16.181336286275137,16.947340698604428,1056146000
2012-11-09,16.537126541137695,16.773517794224798,16.133870114385513,16.336405624855256,929913600
2012-11-12,16.40926170349121,16.762035696204315,16.28290359865833,16.751454865746854,515802000
2012-11-13,16.411376953125,16.64051310129091,16.21367817083313,16.290762921295507,532949200
2012-11-14,16.229394912719727,16.548916864283164,16.208234871394023,16.489969997042344,477170400
2012-11-15,15.889015197753906,16.308594917997066,15.79832907353847,16.249044260849775,789910800
2012-11-16,15.95129108428955,16.02142258423486,15.288366708180753,15.876322817837114,1266893600
2012-11-19,17.10150909423828,17.155013807931866,16.32008713511978,16.345176651609794,823317600
2012-11-20,16.95579719543457,17.289527508300715,16.76444793526249,17.288318317103265,642754000
2012-11-21,16.97967529296875,17.151073666903002,16.825505871700333,17.05676000360296,373002000
2012-11-23,17.275917053222656,17.29103274528187,17.006879367621462,17.14502578278744,272826400
2012-11-26,17.820960998535156,17.835167789136175,17.342736210784476,17.408938240577207,630579600
2012-11-27,17.6773681640625,17.847860912046553,17.535896007874076,17.821560597129853,533330000
2012-11-28,17.621747970581055,17.708202733566136,17.298900326291523,17.450347915842432,520864400
2012-11-29,17.815813064575195,17.96363304282466,17.69157311977059,17.84181148019864,514698800
2012-11-30,17.69248390197754,17.786799219720514,17.61388807292636,17.73812966794979,391319600
2012-12-03,17.719987869262695,17.973913171708535,17.69912972518467,17.94549798642082,364280000
2012-12-04,17.407426834106445,17.58728965970814,17.29497523491708,17.58728965970814,557068400
2012-12-05,16.287128448486328,17.20790562879559,16.286523045764113,17.197628312183248,1044638000
2012-12-06,16.542566299438477,16.726055001842223,15.677710494222673,15.989373458120587,1177212400
2012-12-07,16.11966896057129,16.783197190107057,16.02142414930814,16.728785175994606,787040800
2012-12-10,16.015981674194336,16.278671688057152,15.766893047821341,15.870276508008091,630484400
2012-12-11,16.365734100341797,16.61270627148786,16.244212749585635,16.31676264106905,592345600
2012-12-12,16.29348373413086,16.565545384033943,16.21095842618855,16.558592128794935,487144000
2012-12-13,16.012054443359375,16.25237689205862,15.89446254997693,16.056189140174123,625259600
2012-12-14,15.410490036010742,15.66260081035749,15.28322626455557,15.560426551425277,1009579200
2012-12-17,15.683760643005371,15.719129089884785,15.15172931171066,15.384493019152096,757607200
2012-12-18,16.139314651489258,16.169542824576585,15.726686527821085,15.870275193209517,625685200
2012-12-19,15.909872055053711,16.133265703614555,15.885386335323107,16.065854500801137,449369200
2012-12-20,15.771430015563965,16.027470316852416,15.685277120627376,16.021424358049124,481689600
2012-12-21,15.698875427246094,15.70915274693261,15.42409192867826,15.491503138359406,596268400
2012-12-24,15.724267959594727,15.847602262306564,15.680133277575559,15.729710128483694,175753200
2012-12-26,15.507527351379395,15.702807761921902,15.450696959667047,15.688901251092682,302436400
2012-12-27,15.569793701171875,15.605765926697675,15.25541046313255,15.523844437958727,455120400
2012-12-28,15.404438972473145,15.55226056459513,15.360002410907926,15.42560062366286,354278400
2012-12-31,16.08701515197754,16.184656140391766,15.386607626613625,15.432857176655634,659492400
2013-01-02,16.5966796875,16.777147887033934,16.37298571691673,16.74147754487389,560518000
2013-01-03,16.387191772460938,16.616026007494316,16.353939814797652,16.56191590092538,352965200
2013-01-04,15.9307279586792,16.28229260416351,15.895359522445656,16.232111980489634,594333600
2013-01-07,15.837021827697754,16.00025782245139,15.574028350273256,15.779586043761624,484156400
2013-01-08,15.879646301269531,16.07855428055573,15.756917391675056,15.997540058942361,458707200
2013-01-09,15.6314697265625,15.870581355929916,15.597914249815995,15.794705779715866,407604400
2013-01-10,15.82523250579834,15.982724428713793,15.583700978773502,15.977585769195578,601146000
2013-01-11,15.728204727172852,15.879954277436422,15.689510585650066,15.749364778613904,350506800
2013-01-14,15.167448043823242,15.34126486925993,15.069505154093958,15.195559726075105,734207600
2013-01-15,14.688925743103027,15.084019868899091,14.612142873340487,15.063161714585009,876772400
2013-01-16,15.2986421585083,15.39991073405831,14.887830250813035,14.952519573321148,690804800
2013-01-17,15.195556640625,15.439506518255547,15.175909302226213,15.426205415456236,453678400
2013-01-18,15.114550590515137,15.18165830747086,15.005724953191514,15.069810498136528,472922800
2013-01-22,15.258739471435547,15.352751277649995,15.01267467175849,15.252391620182214,461546400
2013-01-23,15.538058280944824,15.567682666980689,15.258741488029568,15.380866606855452,861509600
2013-01-24,13.618206024169922,14.078594707002864,13.610647367860555,13.905381688475602,1460852400
2013-01-25,13.297173500061035,13.791418779987687,13.149655378186122,13.65417959220901,1208026400
2013-01-28,13.597952842712402,13.700127093147874,13.175652841489256,13.2352043064032,785517600
2013-01-29,13.85308837890625,13.91143147063759,13.667179608010144,13.860041634283732,571158000
2013-01-30,13.809557914733887,13.983980157598848,13.739124527300298,13.81469657504839,417155200
2013-01-31,13.769047737121582,13.88361578191922,13.753631759614429,13.814089707217883,319334400
2013-02-01,13.712520599365234,13.889663097373901,13.553214077497131,13.878478480909218,539484400
2013-02-04,13.370933532714844,13.782653547583742,13.36126000081902,13.721288290425496,477117200
2013-02-05,13.840086936950684,13.897522715422214,13.367908236784944,13.423227526919174,573347600
2013-02-06,13.825276374816895,14.101871243639222,13.68108231602589,13.798674163583218,593706400
2013-02-07,14.236355781555176,14.290475965144003,13.807640593263558,14.085241784586776,704580800
2013-02-08,14.441893577575684,14.55834557191689,14.237265104161533,14.412096546324744,633158400
2013-02-11,14.592394828796387,14.74472663104697,14.38928954803293,14.488105246556099,517490400
2013-02-12,14.226628303527832,14.666897022189282,14.221763348151448,14.579633102988058,609053200
2013-02-13,14.199569702148438,14.401156857811982,14.084333894627985,14.205650897356904,475207600
2013-02-14,14.186792373657227,14.34033881649646,14.10865108702867,14.123853254964677,355275200
2013-02-15,13.991291046142578,14.295344246156413,13.983993613455834,14.255512020120399,391745200
2013-02-19,13.986122131347656,14.069433683796557,13.799435144212714,14.01987316665835,435783600
2013-02-20,13.647406578063965,13.916188840311541,13.645885061799197,13.916188840311541,476302400
2013-02-21,13.56257438659668,13.657135724064581,13.464061491366508,13.560750028616031,447182400
2013-02-22,13.706999778747559,13.7310192741107,13.578993503110453,13.659568095435137,330654800
2013-02-25,13.463454246520996,13.838046822630695,13.456460468275177,13.799432463056604,372579200
2013-02-26,13.651053428649902,13.729194726074738,13.30716969019047,13.494465556298964,501499600
2013-02-27,13.517267227172852,13.756556843161096,13.398079117487299,13.634630979348435,587350400
2013-02-28,13.42088508605957,13.617606388081295,13.42088508605957,13.501458857753729,322515200
2013-03-01,13.088557243347168,13.322981968236746,13.073658725679552,13.317508082344919,552448400
2013-03-04,12.771737098693848,13.019539689740455,12.739811232945232,13.007377300520318,582755600
2013-03-05,13.108928680419922,13.232070009544527,12.793018384993255,12.815214335751872,638433600
2013-03-06,12.942307472229004,13.23389460431858,12.904908539046097,13.211394188902783,460250000
2013-03-07,13.091900825500488,13.135380949529411,12.802442533746609,12.907036617701309,468473600
2013-03-08,13.126561164855957,13.239364439243236,13.032000655282747,13.068183343161117,391482000
2013-03-11,13.313555717468262,13.348218519376381,12.926496287864952,13.066664952147615,474236000
2013-03-12,13.026528358459473,13.34426377075157,13.000380042174363,13.244534647785395,465911600
2013-03-13,13.024097442626953,13.211089672091965,12.933186443991811,13.027138851201304,405549200
2013-03-14,13.150283813476562,13.215350164409946,13.087951970528502,13.160316567388266,303875600
2013-03-15,13.489602088928223,13.506933083258135,13.294703504233416,13.31537956071264,643960800
2013-03-18,13.85628890991211,13.90919285017305,13.414804066999737,13.422405151848155,606197200
2013-03-19,13.818891525268555,14.01591730586094,13.636762637667923,13.971220131619493,526775200
2013-03-20,13.745610237121582,13.914360459456049,13.66990143276714,13.907975614339335,308660800
2013-03-21,13.765377044677734,13.925004706605204,13.685412198775042,13.689060914558235,383255600
2013-03-22,14.044496536254883,14.050272451065055,13.776930570901865,13.821626116347451,395105200
2013-03-25,14.0952730178833,14.288955335111428,14.040543912113014,14.129022416599467,501135600
2013-03-26,14.021089553833008,14.163993566049957,14.002542316431246,14.151831176964054,294294000
2013-03-27,13.745610237121582,13.889123108793799,13.704563412386005,13.878785895158753,331237200
2013-03-28,13.459196090698242,13.737708221113248,13.427574700564106,13.676897917925158,442839600
2013-04-01,13.041128158569336,13.490822372986992,13.005554386233964,13.436092430744493,389732000
2013-04-02,13.067880630493164,13.321764351288552,12.96480643795675,13.001293596295556,529519200
2013-04-03,13.134772300720215,13.295616205563437,13.083691090291397,13.115920602000566,363216000
2013-04-04,13.0049409866333,13.226291533697495,12.929840285122497,13.188589762052874,358447600
2013-04-05,12.867512702941895,12.920721933033263,12.76048531144555,12.907038840462313,383695200
2013-04-08,12.959029197692871,12.998251673492549,12.845922258951578,12.917677898453528,300829200
2013-04-09,12.982439041137695,13.02865447438094,12.853824677972971,12.963588158718917,306614000
2013-04-10,13.247271537780762,13.288927303545423,12.952948294187113,13.016495542669439,375928000
2013-04-11,13.205921173095703,13.317203757519083,13.110751720374287,13.187373128465481,328364400
2013-04-12,13.068187713623047,13.200450035505725,13.046599879902743,13.200450035505725,238613200
2013-04-15,12.765650749206543,13.010108990457564,12.756528960974894,12.983048091324422,317520000
2013-04-16,12.959946632385254,12.971195625441696,12.787548405129685,12.817953568678636,305771200
2013-04-17,12.247243881225586,12.788458784287723,12.104643534517502,12.778424408163437,945056000
2013-04-18,11.920389175415039,12.33815749648868,11.850152596495867,12.313833530290879,666299200
2013-04-19,11.874170303344727,12.149946325296929,11.70906874985663,11.796332654301677,609274400
2013-04-22,12.12166976928711,12.22900162364749,11.896672090489128,11.938326238889656,429920400
2013-04-23,12.348494529724121,12.416905932850852,12.125926887572117,12.283426565454212,664238400
2013-04-24,12.32812213897705,12.625789686153892,11.934069695991795,11.965691905014708,969651200
2013-04-25,12.416905403137207,12.585958530566144,12.374945977991674,12.50356038467325,384837600
2013-04-26,12.685078620910645,12.732814770680044,12.412951308754689,12.460383804811803,764097600
2013-04-29,13.07791519165039,13.18433363593262,12.770213313867606,12.783895592485802,640326400
2013-04-30,13.462844848632812,13.537946365386311,13.137204671989634,13.229332717476515,691538400
2013-05-01,13.356728553771973,13.528214109514417,13.207743408545408,13.513923714194892,506909200
2013-05-02,13.546157836914062,13.639500507226973,13.397475491663755,13.432441137803044,421828400
2013-05-03,13.681760787963867,13.780578124522997,13.65652343614722,13.722198683491465,361300800
2013-05-06,14.008014678955078,14.053317543598611,13.81341972239206,13.855986455743276,496641600
2013-05-07,13.945679664611816,14.161252661090579,13.794869338414564,14.137536822275509,483753200
2013-05-08,14.103179931640625,14.149700653012381,13.859026117405772,13.957234544525871,472598000
2013-05-09,13.980140686035156,14.17081919326806,13.943719316016438,14.073185010852296,398487600
2013-05-10,13.863839149475098,14.070127788659244,13.787629191681988,14.01687202693015,334852000
2013-05-13,13.918009757995605,14.01472695317241,13.818845619415393,13.819151283020227,316948800
2013-05-14,13.585009574890137,13.932087263402137,13.532671639361814,13.890768743928534,447118000
2013-05-15,13.1256103515625,13.49748045835932,12.926974727054082,13.441164785714133,741613600
2013-05-16,13.300982475280762,13.401066053920399,12.82107264795609,12.95390473014459,603204000
2013-05-17,13.26058292388916,13.469625785823903,13.191718707472496,13.43779508754738,427904400
2013-05-20,13.556550025939941,13.644390731542627,13.163867852277747,13.219265711839771,451578400
2013-05-21,13.456464767456055,13.634594735037139,13.289353401152892,13.410249082463922,456022000
2013-05-22,13.508191108703613,13.722437624196402,13.412392525629349,13.59082899201637,443038400
2013-05-23,13.532368659973145,13.655407252157712,13.338017277015945,13.342914432997306,353021200
2013-05-24,13.624491691589355,13.640100964577417,13.477886790920653,13.492883919531101,276166800
2013-05-28,13.510946273803711,13.806911250042257,13.492889233475946,13.769878543817414,386145200
2013-05-29,13.618376731872559,13.696423951255369,13.448510263976713,13.466874604048883,330576400
2013-05-30,13.821295738220215,13.91066720945598,13.604907131215233,13.639798553868658,353519600
2013-05-31,13.764671325683594,13.990241233272304,13.75763125617646,13.849449650516899,384302800
2013-06-03,13.794976234436035,13.845170460709184,13.542778361933845,13.795281898116935,372352400
2013-06-04,13.751819610595703,13.908525360908317,13.693055362869734,13.871491020814096,292728800
2013-06-05,13.623271942138672,13.794974819501347,13.58042263871039,13.63979902855891,290589600
2013-06-06,13.419736862182617,13.681116848293161,13.284762674818145,13.634289018965749,416934000
2013-06-07,13.522270202636719,13.56603731321059,13.245586579601367,13.359749498028725,404535600
2013-06-10,13.432897567749023,13.74477743314971,13.368930509303452,13.611639679253367,450153200
2013-06-11,13.393416404724121,13.551346440683682,13.262420730872858,13.336489409388177,286112400
2013-06-12,13.227829933166504,13.505125590265905,13.206711362682704,13.451564187973863,265227200
2013-06-13,13.343221664428711,13.379337376752456,13.122548859425095,13.237323923018332,285832400
2013-06-14,13.162336349487305,13.353321352977973,13.114895557912297,13.326081330527286,271866000
2013-06-17,13.22201919555664,13.335263486549982,13.171824976538101,13.204879965274014,259414400
2013-06-18,13.214980125427246,13.31077870654991,13.167234483968862,13.208553016142263,195025600
2013-06-19,12.94655704498291,13.21160900820019,12.94655704498291,13.203651131712498,310940000
2013-06-20,12.758026123046875,13.037768852767524,12.706913274310944,12.833318275106318,357310800
2013-06-21,12.655799865722656,12.854742780535245,12.490524904963573,12.808526270430336,481118400
2013-06-24,12.320348739624023,12.507660845134678,12.182925178260694,12.469096564080065,480746000
2013-06-25,12.32310676574707,12.481035977223403,12.206801750157082,12.417068913339005,314162800
2013-06-26,12.183539390563965,12.389215032445698,12.109777206541395,12.361975011687692,367724000
2013-06-27,12.052238464355469,12.285154166066265,12.044893546635162,12.219657147472137,337246000
2013-06-28,12.13640308380127,12.250870813742248,11.901956689934405,11.978167439327635,578516400
2013-07-01,12.524800300598145,12.618151100133817,12.279948249878128,12.324940456786125,391053600
2013-07-02,12.808525085449219,12.904630147200269,12.532455243293894,12.547452376434455,469865200
2013-07-03,12.879228591918945,12.945951542496232,12.776697221981136,12.88106502589674,240928800
2013-07-05,12.775777816772461,12.955438585532152,12.712422891610936,12.866680067202557,274024800
2013-07-08,12.703239440917969,12.885348781512388,12.568570898147312,12.85810957275624,298138400
2013-07-09,12.926666259765625,12.961863343214484,12.56030635150188,12.658859165897557,352584400
2013-07-10,12.877086639404297,13.001656043668556,12.801183147830185,12.842501689494833,281405600
2013-07-11,13.077860832214355,13.107243766407853,12.890549530424769,12.94502875301056,326292400
2013-07-12,13.05398941040039,13.154378661108687,12.959109460442095,13.088880831201305,279563200
2013-07-15,13.082452774047852,13.205491371052162,13.00165214903735,13.00808007515587,241917200
2013-07-16,13.1669282913208,13.182536751162242,12.982370390339835,13.054295330561118,216538000
2013-07-17,13.170291900634766,13.228751286846427,13.106324848949235,13.15162272087225,198990400
2013-07-18,13.214675903320312,13.309861532979516,13.179478812951421,13.264257983880604,218878800
2013-07-19,13.006244659423828,13.282620985676528,12.987880322337203,13.255687441898617,268721600
2013-07-22,13.047863960266113,13.153150334880474,13.022154715272952,13.14427465059317,207796400
2013-07-23,12.823827743530273,13.067761188346037,12.815257720840018,13.038379070690363,369395600
2013-07-24,13.4824800491333,13.607354256970904,13.321795796983086,13.434121451315672,591936800
2013-07-25,13.420963287353516,13.509722621313415,13.338631880445307,13.48829837722785,229493600
2013-07-26,13.497173309326172,13.498703262125494,13.293639732785163,13.323021855161459,200152400
2013-07-29,13.705297470092773,13.772631738463192,13.472993917301842,13.49135743718356,248057600
2013-07-30,13.874551773071289,13.991774598202745,13.749370251215785,13.771713119468199,309422400
2013-07-31,13.850372314453125,13.997589413373069,13.755492353048506,13.925665283170712,322957600
2013-08-01,13.977389335632324,13.981062203209719,13.87271506152407,13.948926655113773,206250800
2013-08-02,14.156740188598633,14.166228836184308,13.976774624570577,14.01809314888939,274783600
2013-08-05,14.368232727050781,14.405572724026607,14.144805706974237,14.222545606123697,318855600
2013-08-06,14.23968505859375,14.442912119114274,14.14541644469746,14.324465024555723,334857600
2013-08-07,14.23142147064209,14.2932472482325,14.133174321005637,14.1953057622067,298858000
2013-08-08,14.203079223632812,14.298277960086917,14.108803532705778,14.290883723725681,255777200
2013-08-09,14.000974655151367,14.18613497207894,13.97632884373929,14.130062830606732,266865200
2013-08-12,14.398714065551758,14.438456029838294,14.068137069831401,14.075223624446874,364434000
2013-08-13,15.082968711853027,15.239784388406068,14.41996556280201,14.509004052085889,881941200
2013-08-14,15.35809326171875,15.535242309978404,15.200969858197158,15.3389923078313,756372400
2013-08-15,15.33991527557373,15.478247051695192,15.06787517756043,15.294011450110297,490294000
2013-08-16,15.476086616516113,15.494879884382888,15.369181189587744,15.408923143015697,362306000
2013-08-19,15.6427640914917,15.827615049657448,15.527539718786176,15.538014063447656,510518400
2013-08-20,15.437273025512695,15.729955814224603,15.429571106655684,15.703460621027757,358688400
2013-08-21,15.477018356323242,15.624590494537237,15.441279540244011,15.514912591078582,335879600
2013-08-22,15.495498657226562,15.576525926793556,15.348849599247504,15.557732654791888,244207600
2013-08-23,15.435735702514648,15.50751937595192,15.384285361715541,15.505054629852877,222731600
2013-08-26,15.495810508728027,15.718557381847814,15.419712717476873,15.427414636630314,330965600
2013-08-27,15.052774429321289,15.481631762694771,14.982223171882218,15.34268301996588,424188800
2013-08-28,15.123943328857422,15.274906473807993,14.972981829263794,14.972981829263794,307608000
2013-08-29,15.148588180541992,15.296469546601035,15.131027288889438,15.147048126706444,239657600
2013-08-30,15.010576248168945,15.187108332756413,14.988393534200315,15.15784070806616,272297200
2013-09-03,15.052473068237305,15.422792050215248,15.014578838139272,15.191727905819127,331928800
2013-09-04,15.3639497756958,15.47332164549405,15.289701359097846,15.390754299801577,345032800
2013-09-05,15.258584976196289,15.42526137466707,15.208367008380307,15.41201295302773,236367600
2013-09-06,15.34947395324707,15.385211132655412,15.094686950220341,15.356252828899112,359525600
2013-09-09,15.594395637512207,15.648310712066301,15.511520625603783,15.558349145406154,340687200
2013-09-10,15.239175796508789,15.633834614074106,15.080819978422738,15.595323368925088,743195600
2013-09-11,14.40949821472168,14.593732187239349,14.320152010530858,14.387930868315777,898696400
2013-09-12,14.562925338745117,14.646415720247232,14.35712236279442,14.433837161634383,404051200
2013-09-13,14.322922706604004,14.536425918282514,14.316762488784134,14.45971277842309,298835600
2013-09-16,13.867575645446777,14.22156614724164,13.778231072075503,14.202774515918582,543706800
2013-09-17,14.027776718139648,14.163026734092385,13.786853629176067,13.80102509165707,399380800
2013-09-18,14.316144943237305,14.3675952648206,14.192293966053443,14.269931793819012,456862000
2013-09-19,14.550909042358398,14.65966388818579,14.456942670528656,14.50161577439049,404541200
2013-09-20,14.400250434875488,14.743457106689267,14.356809718117683,14.726513219818123,699302800
2013-09-23,15.115938186645508,15.309108084854845,14.868236207174599,15.28415294873276,762106800
2013-09-24,15.068490982055664,15.264740967520549,15.029056704951183,15.246564706028781,364344400
2013-09-25,14.835271835327148,15.085129239164276,14.832191726144877,15.071574784333317,316957200
2013-09-26,14.979766845703125,15.051858197691438,14.908290857531851,14.97298961692668,237221600
2013-09-27,14.872859954833984,14.932012207465883,14.810318265457024,14.904592322341392,228040400
2013-09-30,14.688006401062012,14.839275620357139,14.615913423124564,14.703410236634642,260156400
2013-10-01,15.033373832702637,15.069728012279516,14.738226268056355,14.740383332071982,353883600
2013-10-02,15.082663536071777,15.151674760019308,14.903666753723636,14.961586623675739,289184000
2013-10-03,14.893189430236816,15.168618937717808,14.810931441509325,15.11192980014896,322753200
2013-10-04,14.881485939025879,14.929854515629588,14.745003528260234,14.907056441083853,258868400
2013-10-07,15.026900291442871,15.177861825251908,14.952959578986803,14.990238439711723,312292400
2013-10-08,14.817093849182129,15.115936800856797,14.804770123170481,15.094369457657777,290917200
2013-10-09,14.99116039276123,15.028129923616637,14.735141167578432,14.931083465433645,301725200
2013-10-10,15.085124969482422,15.169540010545033,15.005022409125884,15.136884610097324,278602800
2013-10-11,15.182788848876953,15.214521204931344,14.947102969052253,15.003482773706395,267738800
2013-10-14,15.282299995422363,15.329745511149953,15.076191054562047,15.09097952367564,261898000
2013-10-15,15.363638877868652,15.465924170162781,15.266284721903153,15.327592386481403,320073600
2013-10-16,15.438508033752441,15.482256454057252,15.380588146145918,15.428649049418077,251101200
2013-10-17,15.542951583862305,15.551578196716802,15.394454718833886,15.403696695641765,253593200
2013-10-18,15.678194999694824,15.689594036205909,15.580223834854177,15.588850444038302,290542000
2013-10-21,16.062379837036133,16.15295676797596,15.75922271577067,15.766924634276199,398106800
2013-10-22,16.01647186279297,16.280810023063335,15.651697805056424,16.217960666695376,534063600
2013-10-23,16.173290252685547,16.19516528099626,15.989669998120103,15.989669998120103,313723200
2013-10-24,16.387413024902344,16.40466624658059,16.095964219947675,16.174525117856437,384764800
2013-10-25,16.204097747802734,16.428075306551015,16.17791024036455,16.369230746610125,337792000
2013-10-28,16.324859619140625,16.35936603774276,16.11936609737463,16.298979805189024,550440800
2013-10-29,15.918196678161621,16.613547919771708,15.852267191085197,16.52173859984714,635807200
2013-10-30,16.171445846557617,16.252163812700708,15.928673293571089,16.008468213951893,354163600
2013-10-31,16.103660583496094,16.251234332278763,16.059604494285306,16.174521189786837,275696400
2013-11-01,16.021400451660156,16.168357171842175,15.892312310245396,16.144326730507384,274890000
2013-11-04,16.228439331054688,16.230596394988204,15.98381906699086,16.054370359443375,244627600
2013-11-05,16.188385009765625,16.294367414946286,16.112904239771016,16.161582137978982,265213200
2013-11-06,16.14252471923828,16.264619682615557,16.058235751704995,16.24261693726685,223375600
2013-11-07,15.881294250488281,16.21287131932138,15.877886678928448,16.101004005291774,262620400
2013-11-08,16.13136863708496,16.14903206706152,15.884390095667193,15.94605736145812,279316800
2013-11-11,16.084569931030273,16.165759119707868,15.940783411182604,16.113698939752894,227452400
2013-11-12,16.11432647705078,16.23549135587743,16.021051051435812,16.04181257472922,204276800
2013-11-13,16.133533477783203,16.183735138509693,16.019804390781015,16.052033148643073,197220800
2013-11-14,16.366884231567383,16.401590485653273,16.171965858875186,16.201094883631555,282419200
2013-11-15,16.268651962280273,16.395703574604873,16.25315818613617,16.31792356058857,317920400
2013-11-18,16.07155990600586,16.33682248904098,16.05823579143341,16.26864790505173,244944000
2013-11-19,16.100067138671875,16.21875285579391,16.05110503951472,16.08395275775272,208938800
2013-11-20,15.959075927734375,16.12703494796302,15.93831440017675,16.090157377730527,193916800
2013-11-21,16.149341583251953,16.15151124096334,15.9178584685246,16.039642299194366,262026800
2013-11-22,16.107816696166992,16.180949551355756,16.068461654384034,16.099139720386166,223725600
2013-11-25,16.22991180419922,16.295916730419023,16.14500388002834,16.14562283653628,229311600
2013-11-26,16.529260635375977,16.61417021765145,16.23797042416664,16.241687473279622,401382800
2013-11-27,16.918481826782227,16.919721395182,16.52926562407662,16.619442983936583,363448400
2013-11-29,17.231767654418945,17.301800750472196,16.975802704137127,17.027553416937778,318127600
2013-12-02,17.08177947998047,17.487727074500118,17.06907432698616,17.29157089841524,472544800
2013-12-03,17.549407958984375,17.55126813914168,17.281667793638455,17.300880277131476,450968000
2013-12-04,17.508495330810547,17.63833716654653,17.378962973295256,17.523989101410123,377809600
2013-12-05,17.59836196899414,17.822718790081606,17.55219013423086,17.745557758359922,447580000
2013-12-06,17.354164123535156,17.56271759999803,17.34022105998659,17.532967984526334,344352400
2013-12-09,17.55280876159668,17.6504218339989,17.38144222929813,17.38144222929813,320493600
2013-12-10,17.525531768798828,17.59773615583758,17.39073171073927,17.464485143281433,278269600
2013-12-11,17.39569854736328,17.69349938212866,17.343949479307227,17.57047432625598,359718800
2013-12-12,17.370281219482422,17.519026010214382,17.35447797500992,17.419863919701935,262290000
2013-12-13,17.180950164794922,17.442803548664898,17.15740002573505,17.441873458843983,332822000
2013-12-16,17.276084899902344,17.43536692632791,17.198925505460668,17.19923498376023,282592800
2013-12-17,17.19830322265625,17.336201443656602,17.148411022707887,17.22371354003467,229902400
2013-12-18,17.067527770996094,17.088600423381283,16.696595799186653,17.034370573906855,565863200
2013-12-19,16.871992111206055,17.043668128703622,16.849370410672247,17.028174357367202,320308800
2013-12-20,17.01329803466797,17.093558808210812,16.883146726056513,16.902049721198612,436413600
2013-12-23,17.666223526000977,17.68574547494664,17.439078136484113,17.601456531088427,501306400
2013-12-24,17.59123992919922,17.721700756128016,17.540417633954306,17.660033480560074,167554800
2013-12-26,17.474407196044922,17.647943376223484,17.4582928148208,17.60455850369701,204008000
2013-12-27,17.356346130371094,17.49021618532592,17.33806374074214,17.471933795696966,225884400
2013-12-30,17.18374252319336,17.35634869596416,17.1155679174451,17.27484997139085,253629600
2013-12-31,17.385162353515625,17.393218717750205,17.167622314579113,17.172891719616686,223084400
2014-01-02,17.140663146972656,17.26151854164415,17.106266377016034,17.21968436386492,234684800
2014-01-03,16.7641544342041,17.158327131767653,16.747109960318376,17.13229785851057,392467600
2014-01-06,16.85556983947754,16.944505948893685,16.53545843130437,16.65476478474991,412610800
2014-01-07,16.735023498535156,16.91847457820977,16.669328056458426,16.867653950557305,317209200
2014-01-08,16.841001510620117,16.906076331395386,16.693186788401356,16.696903836479006,258529600
2014-01-09,16.62594223022461,16.946363058618957,16.589685285879924,16.944502879440417,279148800
2014-01-10,16.51500701904297,16.75857635238963,16.45829802107146,16.72851724043736,304976000
2014-01-13,16.601469039916992,16.811260599931312,16.42018589636468,16.42111598634794,378492800
2014-01-14,16.931798934936523,16.942334433460147,16.661268648781554,16.6786225974964,332561600
2014-01-15,17.271745681762695,17.359753358396894,17.095111371950964,17.152750458825533,391638800
2014-01-16,17.175369262695312,17.255939517424654,17.095727442624238,17.195511826377647,229278000
2014-01-17,16.754545211791992,17.107813774500585,16.730683944401697,17.089531389921543,426739600
2014-01-21,17.014846801757812,17.04583433816234,16.746795675055807,16.764459100394706,328526800
2014-01-22,17.0904598236084,17.26957156834625,16.975802290948497,17.07186630764538,379985200
2014-01-23,17.23517608642578,17.245092629009992,16.882837621290005,17.041808470924796,403239200
2014-01-24,16.9218807220459,17.217819635725725,16.880974989828267,17.167617973667642,429354800
2014-01-27,17.05916404724121,17.19241513140517,16.911969891090546,17.045839931803236,554878800
2014-01-28,15.695667266845703,15.959067948463096,15.558386389096269,15.765700357510346,1065523200
2014-01-29,15.51748275756836,15.722627074729148,15.451477846177122,15.616646518710992,502810000
2014-01-30,15.48742389678955,15.695667963942562,15.39198049222163,15.572952414555326,678501600
2014-01-31,15.512834548950195,15.541654085350121,15.294366111998249,15.344877256506235,464797200
2014-02-03,15.541659355163574,15.733789111321908,15.47255632596809,15.575127695707707,401464000
2014-02-04,15.766634941101074,15.78739812133953,15.579774593775731,15.675529164588482,376681200
2014-02-05,15.884389877319336,15.967748754135563,15.687922492571543,15.697529558026847,328344800
2014-02-06,15.976974487304688,16.00783784656534,15.83045594187944,15.900598578032783,257765200
2014-02-07,16.200496673583984,16.301812366518412,16.12879736158145,16.25349283063745,370280400
2014-02-10,16.490724563598633,16.584246984663434,16.14812257025691,16.168697036727497,345559200
2014-02-11,16.708011627197266,16.763811428913307,16.506625554420804,16.5412298890272,282256800
2014-02-12,16.70676040649414,16.82023463673702,16.623215549722847,16.738870760065172,308100800
2014-02-13,16.97205352783203,16.985146068706705,16.653142606905494,16.66748213571444,307398000
2014-02-14,16.958337783813477,17.020375859960918,16.87167627030939,16.910953899391064,272924400
2014-02-18,17.02067756652832,17.182780938363756,17.00883035346865,17.020988897169435,260251600
2014-02-19,16.75196647644043,17.048742983526264,16.657821372587083,16.982029952888443,313768000
2014-02-20,16.55805206298828,16.74042019453645,16.491027749822504,16.615411809162968,305858000
2014-02-21,16.37413215637207,16.664673629798163,16.353869022547833,16.60918350981116,278784800
2014-02-24,16.445829391479492,16.519712986928628,16.28590865047129,16.308665756834674,288909600
2014-02-25,16.27468490600586,16.508800560807728,16.24164057040515,16.502878618963123,231952000
2014-02-26,16.12786102294922,16.366342054743203,16.073306549433408,16.32301047264494,276217200
2014-02-27,16.44957160949707,16.484174264181604,16.087329230442958,16.12130922380859,301882000
2014-02-28,16.40499496459961,16.607937626701705,16.276556901230304,16.493527758208995,371968800
2014-03-03,16.452377319335938,16.542470087888564,16.298065524997366,16.31708166873851,238781200
2014-03-04,16.56085777282715,16.604502325775517,16.452684544398114,16.553377514334034,259140000
2014-03-05,16.59578514099121,16.670289766930132,16.4950920999103,16.550895233968102,200062800
2014-03-06,16.545597076416016,16.660629667706704,16.462986181405682,16.60919181578733,185488800
2014-03-07,16.535924911499023,16.58393310245774,16.399070933658916,16.55618804411653,220729600
2014-03-10,16.55089569091797,16.626024645420507,16.47046578815642,16.471090114663056,178584000
2014-03-11,16.71205711364746,16.79466796544885,16.60294819015581,16.692106975857538,279224400
2014-03-12,16.728267669677734,16.751336108677172,16.584556089536886,16.66280331561473,199326400
2014-03-13,16.5424747467041,16.823351693105003,16.49602486403947,16.754146362545736,257742800
2014-03-14,16.356679916381836,16.54995806083201,16.30399508985524,16.484492023585087,237199200
2014-03-17,16.42058753967285,16.521278916286008,16.392842470372948,16.450515254388428,199544800
2014-03-18,16.56585121154785,16.58362036920519,16.372573121905262,16.394394573176196,209647200
2014-03-19,16.56148910522461,16.716734918501277,16.491035129522803,16.592663799090488,224756000
2014-03-20,16.481685638427734,16.605447107641115,16.439601045038494,16.51878228016755,208398400
2014-03-21,16.611677169799805,16.63911089856623,16.407800512603597,16.582373791961604,374046400
2014-03-24,16.808698654174805,16.84953625360558,16.679949252373664,16.784694556633408,355700800
2014-03-25,16.98950958251953,17.01320235311521,16.821169542238373,16.8807136319267,282293200
2014-03-26,16.827091217041016,17.114516073922136,16.798412162907674,17.037204496261044,299768000
2014-03-27,16.754772186279297,16.880716322014123,16.68182587828409,16.83457776139627,222031600
2014-03-28,16.736059188842773,16.800900874786905,16.654695334533695,16.7815734007292,200564000
2014-03-31,16.732324600219727,16.85920270212311,16.707071847268363,16.809947513827613,168669200
2014-04-01,16.88538932800293,16.892248594332223,16.733260124093825,16.76412182796424,200760000
2014-04-02,16.91343879699707,16.9424308394558,16.842050845430066,16.90813951646726,180420800
2014-04-03,16.79623031616211,16.911885524985994,16.760380664356894,16.877282861022795,162344000
2014-04-04,16.578947067260742,16.83395026369861,16.54029210754426,16.828028319874356,275251200
2014-04-07,16.31864356994629,16.55026697764408,16.26939004867511,16.460485520045687,289850400
2014-04-08,16.317705154418945,16.401251650309653,16.169939636050213,16.372259607755733,243888400
2014-04-09,16.532188415527344,16.537487698129297,16.273444241383523,16.292771722290233,206169600
2014-04-10,16.318958282470703,16.592041982562986,16.309293709692835,16.54340945277584,239652000
2014-04-11,16.19830322265625,16.29868318110248,16.1213030223322,16.17928542182811,271717600
2014-04-14,16.262842178344727,16.27780436574673,16.12349421758362,16.26969977820106,205674000
2014-04-15,16.14687728881836,16.261596849948223,15.940193615453111,16.218889593945796,266490000
2014-04-16,16.17961311340332,16.244454832884184,16.027795218373136,16.149685397548748,214765600
2014-04-17,16.36446762084961,16.452379421093223,16.185529048423593,16.210468802374987,284334400
2014-04-21,16.55868148803711,16.588918855779326,16.33391572259067,16.376935961686527,182548800
2014-04-22,16.57520866394043,16.579260958583937,16.41310355923666,16.469527683214924,202563200
2014-04-23,16.358545303344727,16.55743567437747,16.34919206339209,16.492905311158488,394940000
2014-04-24,17.69965171813965,17.769170039799157,17.480186858491265,17.713368584030842,759911600
2014-04-25,17.82964515686035,17.831201810274557,17.580876957440594,17.598644449672044,390275200
2014-04-28,18.52014923095703,18.57189838655432,17.848660525595804,17.856455447144768,669485600
2014-04-29,18.46528434753418,18.57906990659444,18.377374202314208,18.509240252579303,337377600
2014-04-30,18.39545249938965,18.68661829761012,18.386412254865512,18.474946715879238,456640800
2014-05-01,18.438791275024414,18.54228795451057,18.27918013270417,18.45500045497257,244048000
2014-05-02,18.47308349609375,18.523587352042025,18.383615003764614,18.465603231555242,191514400
2014-05-05,18.734310150146484,18.73555880248209,18.392643908859426,18.397009197424705,287067200
2014-05-06,18.53012466430664,18.841863247941095,18.53012466430664,18.760499386044653,374564400
2014-05-07,18.46528434753418,18.619907509611327,18.32188407599219,18.55631279478239,282864400
2014-05-08,18.43236541748047,18.633620593323847,18.38252206494321,18.440515271039228,230297200
2014-05-09,18.355566024780273,18.377822428129697,18.192240788947846,18.32421720932082,291597600
2014-05-12,18.5841007232666,18.610118994656137,18.413879518483704,18.41670216860678,213208800
2014-05-13,18.613243103027344,18.637694338518624,18.517319926806305,18.558070869845896,159737200
2014-05-14,18.616697311401367,18.72735655372146,18.54992641725249,18.571556684594555,166404000
2014-05-15,18.458383560180664,18.702271442173213,18.433932325486776,18.642711214479295,230846000
2014-05-16,18.730798721313477,18.731424860409938,18.351172596130912,18.452426319537413,276256400
2014-05-19,18.952749252319336,19.038642504964137,18.725161012229925,18.741462398079307,317755200
2014-05-20,18.956504821777344,19.009482215501052,18.83173907503656,18.95023506006911,234836000
2014-05-21,19.006668090820312,19.018892874930373,18.8734393733875,18.928924691790073,196859600
2014-05-22,19.03675651550293,19.117635613343634,18.937384548385708,19.01575406709863,200760000
2014-05-23,19.251808166503906,19.270617456613355,19.011682089031883,19.036133329089605,232209600
2014-05-27,19.6123104095459,19.61951938119999,19.29882896357696,19.30666574860083,348866000
2014-05-28,19.5615234375,19.743969325634563,19.554312792683245,19.624532452666802,315481600
2014-05-29,19.91796112060547,19.96467045343142,19.67940199258751,19.681909898701246,376474000
2014-05-30,19.843339920043945,20.193497283474695,19.71481233044235,19.999452783953096,564020800
2014-06-02,19.70697784423828,19.90070929682737,19.514187274453555,19.873437088850423,369350800
2014-06-03,19.985658645629883,20.0232772104836,19.694435371269904,19.701018201577195,292709200
2014-06-04,20.213876724243164,20.310116315162833,19.940834867712237,19.982528366403436,335482000
2014-06-05,20.293188095092773,20.356511857147744,20.144598914217486,20.257138217545986,303805600
2014-06-06,20.237384796142578,20.415757411951255,20.202903620335444,20.373123035222545,349938400
2014-06-09,20.561214447021484,20.600713112931718,20.133313628134665,20.341777786224377,301660000
2014-06-10,20.68191146850586,20.85746151933864,20.532694427548805,20.7872418338394,251108000
2014-06-11,20.59632682800293,20.793820173966736,20.510746657113447,20.65557399470757,182724000
2014-06-12,20.251806259155273,20.653375683456616,20.166226109604963,20.635820351710766,218996000
2014-06-13,20.030179977416992,20.28472733102392,19.9424049701674,20.232061322172754,218100000
2014-06-16,20.232065200805664,20.3527560681823,20.06748765847535,20.08065500029692,142244000
2014-06-17,20.205730438232422,20.34178011201388,20.14428843405124,20.256199938451655,118904000
2014-06-18,20.227670669555664,20.2518088352345,20.045537846404006,20.24741916465537,134056000
2014-06-19,20.157451629638672,20.254004295332535,20.043343629424317,20.251809459975263,142112000
2014-06-20,19.94898796081543,20.30886395643677,19.94679312540451,20.155257286881536,403592000
2014-06-23,19.931432723999023,20.104787890599354,19.88096155431279,20.03895622129886,174776000
2014-06-24,19.810739517211914,20.13111680951299,19.79099102328678,19.91387500549303,156144000
2014-06-25,19.828298568725586,19.902906236437314,19.672498726590206,19.795382731841997,147476000
2014-06-26,19.946796417236328,19.979712257156635,19.705416381436027,19.83049523379786,130516000
2014-06-27,20.183786392211914,20.188174389140414,19.918266538390373,19.929239041965115,256116000
2014-06-30,20.39225196838379,20.567801992631583,20.20792427550669,20.210119111206296,197929200
2014-07-01,20.521718978881836,20.642409830794286,20.43613880176905,20.521718978881836,152892000
2014-07-02,20.512941360473633,20.640213361124317,20.427359515966693,20.59852153081159,113860000
2014-07-03,20.633634567260742,20.648995070733818,20.45150168738762,20.554637213922263,91567200
2014-07-07,21.059341430664062,21.06372942825129,20.64899417823478,20.657771847578477,225872000
2014-07-08,20.923282623291016,21.241466745666152,20.60948817111065,21.125163923865735,260888000
2014-07-09,20.932064056396484,21.05494805726568,20.79381955541864,20.943036559689354,145744000
2014-07-10,20.855268478393555,20.967181687286455,20.52172368793576,20.574389712220363,158744000
2014-07-11,20.89475440979004,21.04177653765867,20.81575709573587,20.925475401459053,136072000
2014-07-14,21.164669036865234,21.261221720560737,20.989120681436958,21.035202187518223,171240000
2014-07-15,20.91670799255371,21.252445904827898,20.853071143129885,21.241475073377153,181911600
2014-07-16,20.79820442199707,21.30729735862269,20.78942675551765,21.27877119819109,213585200
2014-07-17,20.42736053466797,20.907927418353616,20.313254193249936,20.853068246213027,229192000
2014-07-18,20.721405029296875,20.7894298619661,20.411998517796963,20.54366186049332,199952000
2014-07-21,20.613882064819336,20.846484407740043,20.565605727797532,20.844289572192963,156316000
2014-07-22,20.78504180908203,20.82234564146652,20.65338014090981,20.77626414131469,220788000
2014-07-23,21.327054977416992,21.47846517311874,20.883791873278643,20.938651052313734,371672000
2014-07-24,21.29193878173828,21.355575613828748,21.158082285646067,21.294133617098325,182916000
2014-07-25,21.432376861572266,21.469680689676274,21.206357383547243,21.252438878411386,173876000
2014-07-28,21.72861671447754,21.77689304616241,21.40604623981454,21.465293399684004,221272000
2014-07-29,21.58818244934082,21.820786495228244,21.559656280373044,21.7966483237289,172572000
2014-07-30,21.537708282470703,21.65839743967292,21.43237795016789,21.601345114087366,132040000
2014-07-31,20.9781494140625,21.384106998009592,20.91890223822624,21.320471824550715,227372000
2014-08-01,21.094457626342773,21.20198285683847,20.804801135915017,20.824551317214766,194044000
2014-08-04,20.97594451904297,21.193187965990624,20.88378154564191,21.147106479290095,159832000
2014-08-05,20.872817993164062,20.995702000519323,20.70604564448975,20.925482328577882,223732000
2014-08-06,20.83771324157715,20.951821287263808,20.78285405496574,20.791631725723906,154232000
2014-08-07,20.835508346557617,21.15968343814168,20.751706540606566,20.934745379134814,186844000
2014-08-08,20.892841339111328,20.91048399903061,20.570870366819378,20.786988744588946,167460000
2014-08-11,21.168498992919922,21.188347403517227,20.914891255820343,21.009718438127265,146340000
2014-08-12,21.164079666137695,21.364759339861525,21.084689424391037,21.17951656411645,135180000
2014-08-13,21.44416046142578,21.44416046142578,21.179527309670906,21.203785544873032,127664000
2014-08-14,21.501497268676758,21.516934173774924,21.3471282176951,21.46400788236642,112464000
2014-08-15,21.607351303100586,21.65366201790022,21.360359141672753,21.589708645320787,195804000
2014-08-18,21.86757469177246,21.913885406731264,21.607351377363635,21.719819535479385,190288000
2014-08-19,22.16969871520996,22.202778280274494,21.902859806683455,21.922708218720803,277596000
2014-08-20,22.178518295288086,22.29319220497022,22.041790222304844,22.14985023849166,210796000
2014-08-21,22.180723190307617,22.26011346413126,22.077074683788062,22.178517437563524,133912000
2014-08-22,22.343917846679688,22.376997414200513,22.094721578683306,22.11677406286496,176736000
2014-08-25,22.39242935180664,22.531361485564744,22.335091559662015,22.447561391273616,161080000
2014-08-26,22.24908447265625,22.38360677605787,22.24246889748834,22.365964120612624,132608000
2014-08-27,22.522546768188477,22.61957972453038,22.207191342574117,22.277760306505456,209476000
2014-08-28,22.54900550842285,22.66588516997613,22.396840531874247,22.403456107811763,273840000
2014-08-29,22.604137420654297,22.69234902513662,22.537978296668452,22.683527696438748,178380000
2014-09-02,22.780559539794922,22.87759078583672,22.652652803539443,22.727631570139756,214256000
2014-09-03,21.819059371948242,22.758508237677475,21.739669089985693,22.73645575546489,501684000
2014-09-04,21.638225555419922,22.07266465527973,21.565450852462508,21.79921018408712,342872000
2014-09-05,21.82567024230957,21.918291657129323,21.680120862596088,21.78818086238198,233828000
2014-09-08,21.691152572631836,21.900653676942394,21.622789373171944,21.89844960647349,185426800
2014-09-09,21.609560012817383,22.732049538222256,21.201583138425374,21.84993664980848,759385200
2014-09-10,22.273340225219727,22.297598453134004,21.55882958414325,21.613961614403696,403478400
2014-09-11,22.368175506591797,22.37038125970203,21.96902000096905,22.143237481751036,249412400
2014-09-12,22.418901443481445,22.535781140217583,22.290994661865813,22.319662727056794,250504400
2014-09-15,22.41227149963379,22.725422698527247,22.370372302296307,22.672494740054674,245266000
2014-09-16,22.24247169494629,22.33068330077077,21.8080309243203,22.008712369633397,267632400
2014-09-17,22.401256561279297,22.449773037947235,22.182932416273584,22.33289167029413,243706000
2014-09-18,22.44756507873535,22.57106032902912,22.39684285379521,22.478438891308794,149197600
2014-09-19,22.2645263671875,22.571060423663752,22.163083599378492,22.557829270361545,283609600
2014-09-22,22.286575317382812,22.524746134047994,22.1807227427514,22.44976736722544,211153600
2014-09-23,22.635009765625,22.701168885331118,22.171900975171106,22.185132126113807,253608800
2014-09-24,22.43874168395996,22.68132233863862,22.31745051537241,22.52915904281549,240687200
2014-09-25,21.583087921142578,22.209386980468565,21.55000836631991,22.165282029035712,400368000
2014-09-26,22.21821403503418,22.21821403503418,21.699973150865187,21.728641208437462,249482000
2014-09-29,22.077077865600586,22.149852574176823,21.750695394786828,21.755106900910814,199065200
2014-09-30,22.21821403503418,22.392431498349907,22.16969756645303,22.231445187375773,221056400
2014-10-01,21.871986389160156,22.204984433822514,21.766132115543513,22.182930268383956,205965200
2014-10-02,22.030765533447266,22.101334483795288,21.620582983769236,21.891831703155244,191031200
2014-10-03,21.969013214111328,22.099124004976982,21.841106493178355,21.929318082873376,173878400
2014-10-06,21.969013214111328,22.19615692189112,21.92490657801575,22.0417862193008,148204800
2014-10-07,21.777162551879883,22.079286830450403,21.77275272761103,21.927121814473715,168376800
2014-10-08,22.229246139526367,22.297609352066097,21.680129638330474,21.779368350804162,229618800
2014-10-09,22.277761459350586,22.577679992203386,22.187345758305042,22.39243708323384,309506000
2014-10-10,22.213808059692383,22.500493732565133,22.118980858992934,22.204986729104437,265326400
2014-10-13,22.010913848876953,22.445354568361225,22.010913848876953,22.346117575050993,214333600
2014-10-14,21.777162551879883,22.167496775802302,21.737467403472785,22.13882871181262,254754400
2014-10-15,21.51032257080078,21.865373136135922,20.989875842079584,21.605149771775324,403734400
2014-10-16,21.228038787841797,21.550009663673865,21.04059020922331,21.071464013584183,288618000
2014-10-17,21.538984298706055,21.832287145981482,21.3493299525352,21.501494916496913,272718800
2014-10-20,21.999889373779297,22.043994332101303,21.66027581071166,21.68232828987266,310069200
2014-10-21,22.597522735595703,22.718812224356014,22.332887911716284,22.718812224356014,378495600
2014-10-22,22.712196350097656,22.95918851264404,22.62619049615221,22.67911678723484,273052400
2014-10-23,23.117965698242188,23.166482159035375,22.85333091641467,22.95256959053607,284298800
2014-10-24,23.203975677490234,23.263517546583884,23.05181069286705,23.195154348273302,188215600
2014-10-27,23.179719924926758,23.261315967048564,23.089302552643403,23.12238212012504,136750800
2014-10-28,23.539173126220703,23.539173126220703,23.23263914708352,23.243666227050944,192243600
2014-10-29,23.67150115966797,23.67811842035708,23.45538442040624,23.519337813758344,210751600
2014-10-30,23.592103958129883,23.673698302818433,23.35393313485741,23.587692452608326,162619200
2014-10-31,23.81704330444336,23.82586463349273,23.642825841335355,23.819249057329824,178557200
2014-11-03,24.125782012939453,24.324257701438697,23.819247992783662,23.865558706350754,209130400
2014-11-04,23.949359893798828,24.14562983843452,23.755295702051317,24.11696178087415,166297600
2014-11-05,24.006694793701172,24.103727719110864,23.845708502225662,24.059621079153604,149743600
2014-11-06,24.075355529785156,24.095290006071416,23.876020905674586,24.053207425971983,139874000
2014-11-07,24.144018173217773,24.212677805743855,24.04213553825285,24.086431748309913,134766000
2014-11-10,24.104154586791992,24.214896818627157,24.06871626150441,24.14623548583055,108782000
2014-11-11,24.296842575073242,24.30791747307352,24.00891381478003,24.075358133405146,109769200
2014-11-12,24.640148162841797,24.68001543644978,24.223757952774793,24.2259715809029,187769600
2014-11-13,24.987869262695312,25.12740382258583,24.717658031657198,24.761955924330884,238091600
2014-11-14,25.289098739624023,25.291314057631237,24.63128954426216,25.060969988864596,176254400
2014-11-17,25.247011184692383,25.975695204945072,25.09418806807948,25.30902655836628,186986800
2014-11-18,25.57480812072754,25.623534967062753,25.224862305949312,25.235937203677185,176896000
2014-11-19,25.397621154785156,25.63460944569664,25.20493076718886,25.56816512541221,167476800
2014-11-20,25.760852813720703,25.882669922832864,25.437485757468124,25.450775971966213,173582000
2014-11-21,25.796293258666992,26.039925807178292,25.698839563345597,26.02663728137708,228717200
2014-11-24,26.274700164794922,26.305707853165757,25.829517628988384,25.880458107115206,189803200
2014-11-25,26.046566009521484,26.522757824070702,26.0133430104056,26.37214835923169,275361600
2014-11-26,26.35664939880371,26.378797505718207,26.097512999340402,26.121876423884018,163073200
2014-11-28,26.341144561767578,26.445242519112067,26.146238862559972,26.41644846039591,99257600
2014-12-01,25.4862117767334,26.412016706663472,24.644570316872606,26.31456302252599,335256000
2014-12-02,25.38875389099121,25.636817005110824,24.972363864589592,25.1384771497199,237395600
2014-12-03,25.676692962646484,25.769716028293807,25.49507577694787,25.636825693113018,172253600
2014-12-04,25.579235076904297,25.957973230615348,25.53493886902156,25.641250443856936,168178000
2014-12-05,25.470712661743164,25.709916281855776,25.390978121705626,25.689981801950236,153275600
2014-12-08,24.894847869873047,25.393187789328636,24.722090301495154,25.271370688656052,230659600
2014-12-09,25.275802612304688,25.315669875486243,24.219320982889517,24.40536877433411,240832000
2014-12-10,24.795183181762695,25.43748841643638,24.70437543712595,25.340036408752095,178261200
2014-12-11,24.722097396850586,25.204933613868775,24.660080325205033,24.863847323884144,165606800
2014-12-12,24.303483963012695,24.777460443975695,24.270260965044063,24.46516662877917,224112400
2014-12-15,23.97125816345215,24.717659535142577,23.554866395951,24.518323230465633,268872400
2014-12-16,23.643461227416992,24.398723891308634,23.53493433754765,23.55929775830493,243162800
2014-12-17,24.232614517211914,24.32785120863559,23.658968912271618,23.7254149232752,213647200
2014-12-18,24.950220108032227,24.950220108032227,24.509466587898828,24.777462531788583,236024800
2014-12-19,24.75752830505371,25.08089535688695,24.73095125600486,24.8638415706252,353719200
2014-12-22,25.01445198059082,25.13626740280483,24.799611813848475,24.841694396140053,180670000
2014-12-23,24.92585563659668,25.10082852279733,24.90813647829465,25.07868041981577,104113600
2014-12-24,24.8084716796875,24.963510106034576,24.8084716796875,24.93471773822501,57918400
2014-12-26,25.247011184692383,25.36439766911686,24.808472933831425,24.828405722601378,134884000
2014-12-29,25.229291915893555,25.419766968695274,25.182778699160025,25.202713176301835,110395600
2014-12-30,24.921432495117188,25.23151109946455,24.830624738652517,25.169495716553566,119526000
2014-12-31,24.447446823120117,25.056528907161375,24.409794881656694,24.987869285693744,165613600
2015-01-02,24.21489143371582,24.682223683318185,23.7763515496625,24.67114878668056,212818400
2015-01-05,23.53272247314453,24.064285483437537,23.346676348927705,23.984550947403974,257142000
2015-01-06,23.53493309020996,23.79406943566659,23.173912432554356,23.596948452562806,263188400
2015-01-07,23.864948272705078,23.964615594214823,23.632388936126123,23.743131155489024,160423600
2015-01-08,24.78189468383789,24.8394811133024,24.075358755914475,24.192746932459276,237458000
2015-01-09,24.8084716796875,25.08311190198466,24.409799026520567,24.9546505259873,214798000
2015-01-12,24.19717025756836,24.945786907555252,24.09750295530747,24.939142646043436,198603200
2015-01-13,24.41201400756836,24.983444239302276,24.121869946634853,24.680009963584943,268367600
2015-01-14,24.31899070739746,24.47181381263504,24.03106027700955,24.150662070103355,195826400
2015-01-15,23.658964157104492,24.376573158668013,23.623527530872572,24.36328463505503,240056000
2015-01-16,23.47513198852539,23.827293076803485,23.300159102999938,23.705475976187053,314053200
2015-01-20,24.079792022705078,24.135163140605048,23.588096225386572,23.88488460623004,199599600
2015-01-21,24.263620376586914,24.598060654669688,23.98011888215598,24.13072836459436,194303600
2015-01-22,24.894847869873047,24.910351710886655,24.301269587107605,24.42087137055198,215185600
2015-01-23,25.0233154296875,25.193857723073517,24.702161943737746,24.872705926916115,185859200
2015-01-26,25.049890518188477,25.32896139344122,24.983446198227874,25.191640428521755,222460000
2015-01-27,24.172813415527344,24.91257237795925,24.14844999016091,24.899282161527914,382274800
2015-01-28,25.539371490478516,26.16174394651588,25.539371490478516,26.05321534893324,585908400
2015-01-29,26.334495544433594,26.398726223321972,25.59473676843629,25.763065385875084,337745600
2015-01-30,25.949111938476562,26.57812679485473,25.880450628531435,26.22375210888169,334982000
2015-02-02,26.274700164794922,26.39430197270769,25.709915821075615,26.146240465741013,250956400
2015-02-03,26.279130935668945,26.37658294685454,26.048786899589032,26.245907929445366,207662800
2015-02-04,26.48067855834961,26.691089785876024,26.20382301407181,26.24590559753552,280598800
2015-02-05,26.669692993164062,26.734177195493718,26.516265004984486,26.68748039316476,168984800
2015-02-06,26.445098876953125,26.738612055777654,26.338366040807443,26.687468849685565,174826400
2015-02-09,26.620769500732422,26.64745144462894,26.333926728615506,26.360610368973358,155559200
2015-02-10,27.132186889648438,27.16109458407621,26.71860158755748,26.72082395138966,248034000
2015-02-11,27.76813316345215,27.777027708402922,27.238920462338385,27.29895652017989,294247200
2015-02-12,28.119461059570312,28.346267722765855,27.921562092612835,28.030517303345807,297898000
2015-02-13,28.257328033447266,28.301799069729444,27.939355204291964,28.301799069729444,217088800
2015-02-17,28.424095153808594,28.65757232057261,28.22174804975162,28.34849236119064,252609600
2015-02-18,28.621986389160156,28.635327356291665,28.339590144164582,28.379614742019832,179566800
2015-02-19,28.56195640563965,28.690924777826144,28.535274464126015,28.568626891018056,149449600
2015-02-20,28.795433044433594,28.795433044433594,28.47301381634293,28.599756429130103,195793600
2015-02-23,29.57368278503418,29.57368278503418,28.831006151951826,28.911055353853747,283896400
2015-02-24,29.38912582397461,29.707100278847857,29.16676729911174,29.560342838137128,276912400
2015-02-25,28.63755226135254,29.262382551809083,28.495242944451096,29.25348631098426,298846800
2015-02-26,29.0000057220459,29.10006640489472,28.152820071444435,28.63756014934092,365150000
2015-02-27,28.564180374145508,29.033357042942402,28.515261222485382,28.90661104284422,248059200
2015-03-02,28.704261779785156,28.968868972950617,28.528600034237698,28.739839958832356,192386800
2015-03-03,28.764297485351562,28.799875661866288,28.481901222763646,28.675355436986415,151265200
2015-03-04,28.58196449279785,28.80877114769695,28.533048736762723,28.70648812200263,126665200
2015-03-05,28.108348846435547,28.628667108118552,27.963815430480935,28.590866556757582,226068400
2015-03-06,28.150596618652344,28.76652915478048,28.07499551379345,28.550841055153878,291368400
2015-03-09,28.270666122436523,28.810999167291815,27.8081599278314,28.45300006693993,354114000
2015-03-10,27.685861587524414,28.288453012050585,27.52798723170783,28.108343142090717,275426400
2015-03-11,27.181106567382812,27.74367338378652,27.15220056885229,27.739226959574506,275756000
2015-03-12,27.672521591186523,27.77258395917488,27.045470531678525,27.19667441748349,193450800
2015-03-13,27.48128890991211,27.883758988182482,27.256708024223766,27.661400466261505,207309200
2015-03-16,27.7836971282959,27.7836971282959,27.321192683806192,27.54577357347837,143497200
2015-03-17,28.248428344726562,28.310688462772674,27.93935011838267,27.99493975184684,204092400
2015-03-18,28.5664005279541,28.71982845602437,28.09944795575962,28.23953321847968,261083600
2015-03-19,28.350709915161133,28.73983730615354,28.32847440353944,28.62865805158428,183238000
2015-03-20,27.994935989379883,28.550830552849387,27.830391171449538,28.517478134422173,274780400
2015-03-23,28.286230087280273,28.42853941926363,28.132802149548414,28.266218632686233,150838800
2015-03-24,28.170602798461914,28.470784779166674,28.14169510373466,28.290676608620394,131369200
2015-03-25,27.434593200683594,28.19950704158356,27.434593200683594,28.13724692829372,206620800
2015-03-26,27.625823974609375,27.76813330160785,27.261156112118154,27.29673429209827,190291600
2015-03-27,27.405689239501953,27.728108434323467,27.330088152452873,27.69920243570958,158184800
2015-03-30,28.09944725036621,28.106117734643387,27.572456938477448,27.58357554324668,188398800
2015-03-31,27.668073654174805,28.126131711225387,27.652508623977777,28.037187954473346,168362400
2015-04-01,27.628047943115234,27.821500479076686,27.372335288856576,27.754792240066255,162485600
2015-04-02,27.86597442626953,27.919340005191067,27.614709866405345,27.801490240861305,128880400
2015-04-06,28.317358016967773,28.352936195517167,27.645836013226795,27.676966071227053,148776000
2015-04-07,28.01940155029297,28.488576533226613,28.012731065181562,28.38184537852191,140049200
2015-04-08,27.928237915039062,28.106125461485597,27.788152617323846,27.983827561245935,149316800
2015-04-09,28.14169692993164,28.14614505085262,27.719217051336283,27.983822566458237,129936000
2015-04-10,28.261770248413086,28.286229823662996,27.852631346889225,28.006057586730154,160752000
2015-04-13,28.206180572509766,28.588639230734085,28.152814997705434,28.544164808218575,145460400
2015-04-14,28.083890914916992,28.304025446510874,27.997171199547843,28.239541251102274,102098400
2015-04-15,28.19062042236328,28.268445585854018,28.019405062683663,28.10834883372793,115881600
2015-04-16,28.05497932434082,28.261772854593556,28.041638353505544,28.079438901846288,113476000
2015-04-17,27.739229202270508,28.04830745205387,27.674745018986492,27.917116721430638,207828000
2015-04-20,28.372947692871094,28.488573380415158,27.832616404650924,27.921560154702245,188217200
2015-04-21,28.219526290893555,28.50636734678086,28.16615901385577,28.484133526040274,129740400
2015-04-22,28.59975814819336,28.655347790616638,28.088334455775946,28.237314290319635,150618000
2015-04-23,28.833234786987305,29.000003711145578,28.493026453138217,28.528604637926705,183083600
2015-04-24,28.9688663482666,29.04669318376572,28.73538923469084,29.01556312815039,178103600
2015-04-27,29.49587059020996,29.602605174349197,29.162332648852487,29.420269471137214,387816800
2015-04-28,29.031129837036133,29.916115857851434,28.810997058474765,29.89833016079196,475696000
2015-04-29,28.60420036315918,29.26015732972162,28.5285992793757,28.942186269320725,253544400
2015-04-30,27.828170776367188,28.60420158242397,27.701426480269312,28.60420158242397,332781600
2015-05-01,28.673131942749023,28.93551677409575,27.861524660384124,28.039410467610814,234050400
2015-05-04,28.61754608154297,29.033358897210668,28.5197077719741,28.795433608675246,203953200
2015-05-05,27.972700119018555,28.56194878980824,27.968251998978218,28.495240560889048,197085600
2015-05-06,27.79704475402832,28.1839481830708,27.430152781583676,28.141699512749295,288564000
2015-05-07,27.968978881835938,28.152074473058324,27.692101292340553,27.859566834442038,175763600
2015-05-08,28.495933532714844,28.495933532714844,28.15876914169282,28.286042868912773,222201600
2015-05-11,28.205657958984375,28.482533795746967,28.051589142485113,28.44457535513179,168143200
2015-05-12,28.105173110961914,28.330692057782745,27.870720764153706,28.0448845858755,192640000
2015-05-13,28.136438369750977,28.399917500772432,28.105178278235485,28.167698461266472,138776800
2015-05-14,28.79290008544922,28.79290008544922,28.393217269931714,28.4490391015852,180814000
2015-05-15,28.752716064453125,28.913483246079785,28.627675680320152,28.819702957980056,152832000
2015-05-18,29.069787979125977,29.18813003192907,28.661171616635976,28.66563831874989,203531600
2015-05-19,29.042984008789062,29.223846196970214,28.94696868731493,29.18142106006961,178532800
2015-05-20,29.04076385498047,29.246187890601558,28.87999662586902,29.02736715373717,145819600
2015-05-21,29.337724685668945,29.391314876050284,28.989396965926638,29.04298715630798,158921600
2015-05-22,29.594505310058594,29.690520646920238,29.339957854955138,29.38461805280413,182384000
2015-05-26,28.9425048828125,29.67712216380999,28.83086120910056,29.607903631243715,282790400
2015-05-27,29.482851028442383,29.531974502737096,29.038511520631342,29.103263332877912,183332800
2015-05-28,29.4248046875,29.462763125539038,29.272970935343846,29.44266808312325,122933200
2015-05-29,29.089881896972656,29.351127743404934,29.005031595584374,29.302004243348065,203538000
2015-06-01,29.147930145263672,29.337725761952687,29.038521520643027,29.08987665887506,128451200
2015-06-02,29.018430709838867,29.174731201453856,28.875526916491566,28.99610060799593,134670400
2015-06-03,29.054155349731445,29.237252652834727,29.005031849244972,29.174732453505637,123934000
2015-06-04,28.884449005126953,29.156859818974553,28.783970388532666,28.93357249005647,153800400
2015-06-05,28.725914001464844,28.958134735546285,28.661162174075283,28.915709597179813,142507200
2015-06-08,28.536123275756836,28.850959248843054,28.319534279272943,28.781737310168158,210699200
2015-06-09,28.451269149780273,28.59863959476817,28.04935300658485,28.290502011083298,224301600
2015-06-10,28.77727699279785,28.879987273800243,28.54728957345983,28.562919621031597,156349200
2015-06-11,28.71251678466797,29.067542819658165,28.68795504222306,28.844255490920546,141563600
2015-06-12,28.395448684692383,28.654462799151382,28.382051990340052,28.62320270996455,147544800
2015-06-15,28.33963394165039,28.411085835312466,28.06945641550481,28.156538357669604,175955600
2015-06-16,28.49146842956543,28.54729027276738,28.216825914998417,28.364194695206884,125976400
2015-06-17,28.424482345581055,28.5539877230391,28.299440262330396,28.51826263035849,131672400
2015-06-18,28.55398178100586,28.649995396454134,28.40661303610098,28.408846386287326,141628800
2015-06-19,28.268177032470703,28.54058786108312,28.223520245685513,28.516026117287105,218867600
2015-06-22,28.493696212768555,28.594174829480085,28.37535420087142,28.46690111999015,136157200
2015-06-23,28.364192962646484,28.49370003981576,28.330699518061692,28.464673296400864,121075600
2015-06-24,28.605344772338867,28.982700968359474,28.384290755618192,28.404385800980332,221123600
2015-06-25,28.46914291381836,28.84873080458355,28.46914291381836,28.772813907849564,127752400
2015-06-26,28.30167007446289,28.578545896423,28.248081590368365,28.5070940164479,176267200
2015-06-29,27.80596923828125,28.239147177225394,27.794805894589647,28.01362651067182,196645600
2015-06-30,28.006927490234375,28.16099627997791,27.879653791090973,28.03818757749437,177482800
2015-07-01,28.268177032470703,28.344095614262187,28.131971618164496,28.335163916195704,120955200
2015-07-02,28.23246192932129,28.288283784320075,28.0828580632282,28.23022857812795,108844000
2015-07-06,28.13420867919922,28.185565523968155,27.87742786244942,27.897524611636374,112241600
2015-07-07,28.064983367919922,28.167695329127827,27.636270425362397,28.10964014982004,187787200
2015-07-08,27.368330001831055,27.830534741104064,27.3616316540013,27.79480965149628,243046400
2015-07-09,26.81010627746582,27.70102213526884,26.62031241151437,27.654132006284147,314380000
2015-07-10,27.52686882019043,27.654142562746713,27.064663996849458,27.22766453905894,245418000
2015-07-13,28.058290481567383,28.080618876862893,27.759084533255947,27.91761835446566,165762000
2015-07-14,28.047122955322266,28.216821810967417,27.9198492394752,28.143136579806693,127072400
2015-07-15,28.31730842590332,28.39099367786338,28.040432522730956,28.071692622917464,134596800
2015-07-16,28.694658279418945,28.708058383385907,28.435645819789098,28.522727756552765,144889600
2015-07-17,28.9425048828125,28.9425048828125,28.649999002822348,28.821931214325204,184658800
2015-07-20,29.489566802978516,29.690524088212058,29.183660766311508,29.24394931471962,235600800
2015-07-21,29.19482421875,29.67935741261132,29.09881228311112,29.663729068084155,307025600
2015-07-22,27.960039138793945,28.02255931729288,27.238820328716443,27.238820328716443,461802400
2015-07-23,27.946645736694336,28.377588689764913,27.924315638702303,28.178863083176353,203998000
2015-07-24,27.799272537231445,28.076148348962484,27.665300480171084,27.98236807937494,168649200
2015-07-27,27.41299057006836,27.60055285290327,27.26785513761631,27.484442462684633,177822000
2015-07-28,27.549196243286133,27.667539985288723,27.363869013173137,27.549196243286133,134472400
2015-07-29,27.462114334106445,27.575991374671265,27.301347148261407,27.49784113253757,148046800
2015-07-30,27.323671340942383,27.36832812577778,27.176300884600714,27.31250629295996,134513200
2015-07-31,27.084754943847656,27.383959160865977,26.997673017787267,27.37502746286655,171540000
2015-08-03,26.446155548095703,27.368331734567274,26.240729881542865,27.129414326745238,279904000
2015-08-04,25.597665786743164,26.28092464255406,25.287296456584127,26.21840444706124,496554400
2015-08-05,25.767358779907227,26.22286514738283,25.030509893554626,25.220303787449335,397250400
2015-08-06,25.82343292236328,26.130721855515446,25.5968931323742,26.0118441672273,211612000
2015-08-07,25.91090965270996,26.07464798007613,25.68212639758036,25.700070652053586,154681600
2015-08-10,26.852962493896484,26.913522213707832,26.13745117547773,26.13745117547773,219806400
2015-08-11,25.455589294433594,26.507547865105497,25.4197024905373,26.42455695725377,388331200
2015-08-12,25.848102569580078,25.888476280418214,24.589790578259198,25.24025515898116,404870000
2015-08-13,25.827922821044922,26.10829540548688,25.69110086293657,26.027547964266923,194143200
2015-08-14,26.009599685668945,26.088103654920044,25.572219206085563,25.64175104867108,171718000
2015-08-17,26.278759002685547,26.388664562359022,25.90642343750448,26.02754458360224,163538800
2015-08-18,26.130720138549805,26.341560831476333,26.020814584501316,26.115019345114305,138242800
2015-08-19,25.796525955200195,26.135214867158158,25.722507168642984,26.04101007222649,193146000
2015-08-20,25.267173767089844,25.648479738798063,25.03838881505836,25.58792002282396,274006400
2015-08-21,23.72176170349121,25.098951562027775,23.697088781656007,24.769233162283008,513102000
2015-08-24,23.12961769104004,24.40363080241053,20.635422526171478,21.279158605812704,648825200
2015-08-25,23.2686824798584,24.921759955444056,23.214851419487346,24.921759955444056,414406400
2015-08-26,24.60325813293457,24.648117066601113,23.56251512829146,24.02008172771778,387098400
2015-08-27,25.32773780822754,25.399513122615115,24.67727305900723,25.17297330263905,338464400
2015-08-28,25.410722732543945,25.415207939962393,25.01820119999396,25.159508335659048,212657600
2015-08-31,25.291847229003906,25.688854003074386,25.121380241072895,25.128108908407583,224917200
2015-09-01,24.1613826751709,25.094461536427897,24.080635252116398,24.70642692515973,307383600
2015-09-02,25.19763946533203,25.19763946533203,24.47764300591158,24.724372203967487,247555200
2015-09-03,24.755769729614258,25.296326994726947,24.68175098234016,25.2312803723883,212935600
2015-09-04,24.50904655456543,24.77371831536382,24.338581272955686,24.441758168011564,199985200
2015-09-08,25.190906524658203,25.2469810217472,24.74455400698199,25.06530019878136,219374400
2015-09-09,24.706432342529297,25.574464763811182,24.621197982139098,25.516148498685553,340043200
2015-09-10,25.24923324584961,25.40848466751426,24.65035781974626,24.73334700904198,251571200
2015-09-11,25.61707878112793,25.61707878112793,25.067549271104706,25.07427793846086,199662000
2015-09-14,25.86380386352539,26.218195142058235,25.76287044010209,26.148663304200323,233453600
2015-09-15,26.081378936767578,26.137453453474166,25.664184395569876,26.00287495563004,173364800
2015-09-16,26.110530853271484,26.139688977053208,25.892961520704546,26.074642352071283,148694000
2015-09-17,25.552032470703125,26.128478368766235,25.507173546917443,25.942312294923223,256450400
2015-09-18,25.44660758972168,25.637262260033378,25.092218047851315,25.168478546969638,297141200
2015-09-21,25.841379165649414,25.877267676484564,25.49371820104041,25.49595994952382,200888000
2015-09-22,25.435396194458008,25.6103483788994,25.23801283867132,25.430909275685703,201384800
2015-09-23,25.641752243041992,25.73147180261867,25.412968991816815,25.486986045553678,143026800
2015-09-24,25.794273376464844,25.906422391145128,25.2043701752995,25.401751825083856,200878000
2015-09-25,25.729228973388672,26.173339862981717,25.57446277210865,26.117265350779775,224607600
2015-09-28,25.220067977905273,25.69782210773061,25.220067977905273,25.536327271942337,208436000
2015-09-29,24.461944580078125,25.460071920955418,24.192787606840596,25.307549179785273,293461600
2015-09-30,24.74007797241211,25.018207101936135,24.387930068586687,24.710918127909963,265892000
2015-10-01,24.578580856323242,24.58755298372046,24.069423321895563,24.464188371081597,255716400
2015-10-02,24.75801658630371,24.899325444124337,24.123254445270266,24.22643133643209,232079200
2015-10-05,24.84774398803711,24.980080760853248,24.464194430906268,24.64587534974226,208258800
2015-10-06,24.966615676879883,25.06306390790795,24.621196470669094,24.814092932725227,192787200
2015-10-07,24.84774398803711,25.06979863453207,24.540456677043768,25.063069965132033,187062400
2015-10-08,24.560630798339844,24.715396964671644,24.271286175364615,24.715396964671644,247918400
2015-10-09,25.14829444885254,25.184181241956313,24.55838956502569,24.672782033606488,211064400
2015-10-12,25.031658172607422,25.28960123253007,24.99577138000303,25.285116025176293,121868800
2015-10-13,25.074281692504883,25.222317530278357,24.825310695502758,24.856712288704962,132197200
2015-10-14,24.71988296508789,25.01371280450353,24.574088919353986,24.962125221575796,177849600
2015-10-15,25.089981079101562,25.143812134243223,24.782692121453554,24.881383815261927,150694000
2015-10-16,24.906055450439453,25.121381371126688,24.79166296682932,25.072035526774933,156930400
2015-10-19,25.060823440551758,25.06530864887749,24.69745996086399,24.852226172607406,119036800
2015-10-20,25.518386840820312,25.60810639760575,24.856708318136878,24.973342544077195,195871200
2015-10-21,25.516149520874023,25.924371949399188,25.50269047270256,25.569980579784346,167180800
2015-10-22,25.906423568725586,25.906423568725586,25.592405971095445,25.643995273146963,166616400
2015-10-23,26.70941162109375,26.74305667011026,26.092591997071434,26.175581178552775,237467600
2015-10-26,25.85707664489746,26.496325688647662,25.77632921713342,26.485111813893756,265335200
2015-10-27,25.693344116210938,26.13969678790186,25.56773603573498,25.883997129847085,279537600
2015-10-28,26.75202751159668,26.758757890513674,26.032030980725605,26.227170899119155,342205600
2015-10-29,27.03464698791504,27.07053550169343,26.527732853975635,26.624181095681912,204909200
2015-10-30,26.803617477416992,27.18941040444977,26.792401890203436,27.1378210990291,197461200
2015-11-02,27.180444717407227,27.220818445181,26.828296757314398,27.095212052666486,128813200
2015-11-03,27.492210388183594,27.698564171983563,27.072772442001682,27.092960155231147,182076000
2015-11-04,27.36435890197754,27.77258123681901,27.279126268991515,27.61781505280359,179544400
2015-11-05,27.238216400146484,27.636924307296095,27.07152584230477,27.447706558500503,158210800
2015-11-06,27.269750595092773,27.438694204532553,27.170638179524726,27.281014189822066,132169200
2015-11-09,27.159374237060547,27.438693853221398,27.042240758858657,27.247224775357775,135485600
2015-11-10,26.30339813232422,26.596234467227482,26.143465023397653,26.332682796964708,236511600
2015-11-11,26.15472412109375,26.44981174975811,25.951991440926772,26.213291721716057,180872000
2015-11-12,26.066879272460938,26.314662949632865,26.051111267147732,26.188518907127232,130102400
2015-11-13,25.305498123168945,26.033082657183602,25.289730122423524,25.949736528338832,183249600
2015-11-16,25.71997833251953,25.733493272989936,25.00365727166892,25.089254758953953,152426800
2015-11-17,25.60960578918457,25.915957084428005,25.526259634928262,25.88667241798415,110467600
2015-11-18,26.420530319213867,26.46558126467842,26.017317998547494,26.07588560251814,186698800
2015-11-19,26.75617027282715,26.97467101447311,26.301149438613734,26.499376047420327,173183200
2015-11-20,26.873300552368164,27.012959518830655,26.771933344024283,26.850773360347215,137148400
2015-11-23,26.524147033691406,26.970158924702098,26.43179036771993,26.866538663852005,129930000
2015-11-24,26.778696060180664,26.884567696519056,26.382242837981483,26.429546857042165,171212800
2015-11-25,26.58722686767578,26.857537757092423,26.562448326514662,26.853031630381057,85553200
2015-11-27,26.537654876708984,26.672811104779505,26.490350884317436,26.645779515448833,52185600
2015-11-30,26.648042678833008,26.89807938952724,26.524149995666143,26.578211476237374,156721200
2015-12-01,26.431791305541992,26.762921071156022,26.32366835263742,26.749406131688787,139409600
2015-12-02,26.193021774291992,26.605244669983524,26.14797082421379,26.431794903156916,133546400
2015-12-03,25.949737548828125,26.307898892106483,25.728985529710997,26.253837418650917,166278000
2015-12-04,26.812477111816406,26.862034179405825,25.92946558311689,25.970012118546116,231108000
2015-12-07,26.643529891967773,26.99943813046564,26.537658301654087,26.801211605539475,128336800
2015-12-08,26.632266998291016,26.715611398774985,26.32366277009681,26.472332228457642,137238000
2015-12-09,26.04435157775879,26.51063594497179,25.9227119534532,26.499372348457303,185445600
2015-12-10,26.168237686157227,26.341687416196915,26.019568207563573,26.138954746675367,116850800
2015-12-11,25.494718551635742,25.9925388777188,25.4203829465679,25.94748793326861,187544800
2015-12-14,25.337032318115234,25.38208325152476,24.731087467834275,25.269454199417993,257274800
2015-12-15,24.888774871826172,25.409122416293304,24.85723886532313,25.215400251441203,213292400
2015-12-16,25.08024024963379,25.22665838298991,24.508086091703493,25.019421308575538,224954000
2015-12-17,24.54863166809082,25.285224994149143,24.54863166809082,25.23341486827408,179091200
2015-12-18,23.884117126464844,24.670267449100322,23.834560067295428,24.532861583107387,385813200
2015-12-21,24.17696189880371,24.185972432616467,23.780507003960455,24.165698301891865,190362400
2015-12-22,24.154434204101562,24.264810225644474,23.978731388772907,24.192727680349428,131157600
2015-12-23,24.465290069580078,24.519351549372036,24.147675223812477,24.163443227026107,130629600
2015-12-24,24.334638595581055,24.553139284369426,24.316617530435273,24.553139284369426,54281600
2015-12-28,24.06207847595215,24.258053709263866,23.917913379694166,24.235526516624457,106816800
2015-12-29,24.494564056396484,24.649992687370613,24.07107946880814,24.093604933936156,123724800
2015-12-30,24.17470359802246,24.485559213586477,24.143167595802193,24.458529336588093,100855200
2015-12-31,23.710674285888672,24.10938047094601,23.611560146030712,24.104876063944907,163649200
2016-01-04,23.7309513092041,23.735457435664685,22.97633667392431,23.11374431504918,270597600
2016-01-05,23.136266708374023,23.843577233061005,23.068690287724074,23.821051759511022,223164000
2016-01-06,22.683500289916992,23.0596827939768,22.496537288084287,22.651964279073706,273829600
2016-01-07,21.72614860534668,22.555098693762698,21.72164419837296,22.2284750527924,324377600
2016-01-08,21.841033935546875,22.325339388636742,21.795982984899094,22.199195351956075,283192000
2016-01-11,22.19468116760254,22.31406769019919,21.9266234683952,22.293795285343,198957600
2016-01-12,22.516809463500977,22.681248705661226,22.264519660836275,22.649712695151095,196616800
2016-01-13,21.937898635864258,22.793880587685674,21.91762622031218,22.597905311096145,249758400
2016-01-14,22.417692184448242,22.63394153867265,21.566216582054608,22.0662899913546,252680400
2016-01-15,21.879323959350586,22.009974101608417,21.480617781489038,21.66983380662107,319335600
2016-01-19,21.773454666137695,22.22171792530289,21.51215437447018,22.167656447868826,212350800
2016-01-20,21.802732467651367,22.11809416239586,21.043612025415776,21.42204571539257,289337600
2016-01-21,21.69236183166504,22.04826842385823,21.386010591829923,21.863556798538532,208646000
2016-01-22,22.845678329467773,22.85468886058117,22.15864208825636,22.21720796261881,263202000
2016-01-25,22.399669647216797,22.870458327659843,22.34785951963661,22.868205265091177,207178000
2016-01-26,22.523563385009766,22.72404301390903,22.09106812167091,22.51004844508774,300308000
2016-01-27,21.043617248535156,21.76669574806189,21.02559618297217,21.633794256347503,533478800
2016-01-28,21.194538116455078,21.29139918790636,20.81159995597322,21.1269617038553,222715200
2016-01-29,21.926624298095703,21.926624298095703,21.253103009031683,21.352217130522604,257666000
2016-02-01,21.721641540527344,21.78471354194209,21.48962594164461,21.730652071955614,163774000
2016-02-02,21.282392501831055,21.63379469450947,21.237339837011106,21.494134011442785,149428800
2016-02-03,21.703617095947266,21.813993081224964,21.19228197679382,21.399519011604202,183857200
2016-02-04,21.878015518188477,22.0433470401719,21.558678918068512,21.71042043534473,185886800
2016-02-05,21.293689727783203,21.950483334536827,21.218952497481066,21.859890815000362,185672400
2016-02-08,21.517906188964844,21.67417651105632,21.071739464345107,21.092121873697167,216085600
2016-02-09,21.513378143310547,21.72853561437277,21.27330941163505,21.354842514451022,177324800
2016-02-10,21.350313186645508,21.82139297982677,21.311811921371458,21.724006308427843,169374400
2016-02-11,21.221223831176758,21.452234927010696,20.969830318132942,21.241607976295857,200298800
2016-02-12,21.286897659301758,21.402403176130246,21.0649477791782,21.332194787425067,161405600
2016-02-16,21.88707733154297,21.934638033430748,21.427322152051858,21.520178266811072,196231600
2016-02-17,22.222265243530273,22.24264765726417,21.77609842299308,21.893867511909757,179452800
2016-02-18,21.801002502441406,22.396645297275697,21.76249952350119,22.385320586780065,156084000
2016-02-19,21.751188278198242,21.91425452104242,21.696833439886568,21.742128850494773,141496800
2016-02-22,21.94142723083496,21.945957807847254,21.724006187783868,21.812333432526223,137123200
2016-02-23,21.445432662963867,21.855361692028687,21.413725540710708,21.832713994406227,127770400
2016-02-24,21.764774322509766,21.828188582017955,21.135158848951324,21.2846367988569,145022800
2016-02-25,21.914249420166016,21.914249420166016,21.572263447576336,21.753448503653868,110330800
2016-02-26,21.948223114013672,22.199614845314983,21.873484144430357,22.013900929565107,115964400
2016-02-29,21.898399353027344,22.24717951851221,21.889339925986423,21.93690062201949,140865200
2016-03-01,22.76807975769043,22.822434582820552,22.06372540771771,22.11581667240276,201628400
2016-03-02,22.81791114807129,22.8496182809128,22.566517646321344,22.76355631004429,132678400
2016-03-03,22.987775802612305,23.03533651071685,22.749970534180115,22.7794141115135,147822800
2016-03-04,23.32975196838379,23.497347019940484,22.958324163361524,23.18480461656577,184220400
2016-03-07,23.07155990600586,23.28898089147712,22.865461904248953,23.18932895850381,143315600
2016-03-08,22.881328582763672,23.04666013654313,22.738646465215737,22.824708448003626,126247600
2016-03-09,22.90169906616211,23.005879844615055,22.709189340505738,22.94472916792871,108806800
2016-03-10,22.913028717041016,23.155362750632587,22.68201939810401,22.96738527389231,134054400
2016-03-11,23.15989875793457,23.164427608112955,22.987773076698392,23.15536817984692,109632800
2016-03-14,23.218774795532227,23.307103760030373,23.05117974763284,23.080623311768452,100304400
2016-03-15,23.68532371520996,23.821211627233023,23.51999224151106,23.544905226971284,160270800
2016-03-16,24.000133514404297,24.077136037852313,23.687589388175116,23.692119964794824,153214000
2016-03-17,23.961633682250977,24.11337517779888,23.771389194773242,23.89821770115253,137682800
2016-03-18,23.988811492919922,24.120170583094062,23.823481713829104,24.08393287770441,176820800
2016-03-21,23.986549377441406,24.380624943797773,23.81215843358732,23.991078226933524,142010800
2016-03-22,24.16999626159668,24.299090061591315,23.828010264874134,23.83706969110818,129777600
2016-03-23,24.0363712310791,24.249263422019336,23.98428169153553,24.115640776494775,102814000
2016-03-24,23.93218994140625,24.063549023716174,23.755535457979903,23.88689454028983,104532000
2016-03-28,23.823484420776367,24.04996492146888,23.79404084982452,24.00693307340639,77645600
2016-03-29,24.38741683959961,24.412329829288048,23.75327083865382,23.755536127146087,124760400
2016-03-30,24.81319808959961,25.007971419075243,24.595777060212356,24.607101774122537,182404400
2016-03-31,24.68410301208496,24.890201044722406,24.659190025108817,24.849434495844047,103553600
2016-04-01,24.91058921813965,24.91285450690936,24.505188923814494,24.636548025912735,103496000
2016-04-04,25.16650390625,25.408837877037346,24.973994174467073,25.007966581717497,149424800
2016-04-05,24.869815826416016,25.078179138251425,24.781488595666413,24.801872733174786,106314800
2016-04-06,25.13027572631836,25.13480630388501,24.7316695679972,24.96494593122594,105616400
2016-04-07,24.582189559936523,25.007972206572465,24.48706818056713,24.901526112936278,127207600
2016-04-08,24.60936737060547,24.8607590890533,24.498390702204215,24.665987485047786,94326800
2016-04-11,24.690902709960938,25.051007594143087,24.647872591054057,24.679579721999776,117630000
2016-04-12,25.012500762939453,25.02608903663491,24.609365849493436,24.76337089246503,108929200
2016-04-13,25.374874114990234,25.44281722473084,25.094038793329254,25.094038793329254,133029200
2016-04-14,25.388456344604492,25.454135877913863,25.214067170437854,25.27974670374722,101895600
2016-04-15,24.878881454467773,25.433759691123253,24.851704901558435,25.39072784513812,187756000
2016-04-18,24.342119216918945,24.675044022744533,24.21981956812419,24.66145574884801,243286000
2016-04-19,24.213027954101562,24.459890837790415,24.059021164895416,24.43271255925679,129539600
2016-04-20,24.262849807739258,24.48027083078875,24.020515797140575,24.151874871871108,122444000
2016-04-21,24.000133514404297,24.217554538615328,23.89821627536529,24.217554538615328,126210000
2016-04-22,23.934459686279297,24.115644780298073,23.694390905427163,23.78271816358631,134732400
2016-04-25,23.798564910888672,23.92765869181828,23.669471129959064,23.780446061096434,112126400
2016-04-26,23.633228302001953,23.848385708801565,23.53357810558582,23.53357810558582,224064800
2016-04-27,22.154319763183594,22.35588724558825,21.669651689996126,21.74212537212017,458408400
2016-04-28,21.47713851928711,22.16790275955349,21.345779461747554,22.106753806786298,328970800
2016-04-29,21.230281829833984,21.452233482661203,20.951711779266073,21.28690195548378,274126000
2016-05-02,21.207630157470703,21.307282112901614,20.926794870603057,21.282369124043885,192640400
2016-05-03,21.55640983581543,21.683238338036464,21.21668915237302,21.334458229019873,227325200
2016-05-04,21.332197189331055,21.719478606870442,21.248398788799193,21.56094123245143,164102000
2016-05-05,21.245609283447266,21.434732996565515,21.118008579863485,21.41878290861754,143562000
2016-05-06,21.127117156982422,21.293453492797425,20.928878915913128,21.275226067774742,174799600
2016-05-09,21.143070220947266,21.36637142020525,21.097497305894343,21.19092047793112,131745600
2016-05-10,21.286624908447266,21.320804166418394,20.988129648253217,21.26611839672215,134747200
2016-05-11,21.079269409179688,21.320799769083546,21.067875746062786,21.30029326158782,114876400
2016-05-12,20.58481788635254,21.14079539282424,20.386581315893334,21.12712438477307,305258800
2016-05-13,20.625829696655273,20.887868323514734,20.50734358750293,20.50734358750293,177571200
2016-05-16,21.391437530517578,21.507646298698038,20.88331209704313,21.051927548030122,245039200
2016-05-17,21.30257225036621,21.57828188250692,21.19320072507569,21.54410436737179,187667600
2016-05-18,21.546384811401367,21.694493772549624,21.393719427055466,21.455242440014104,168249600
2016-05-19,21.464345932006836,21.564604582954143,21.320795195046543,21.564604582954143,121768400
2016-05-20,21.6967716217041,21.744621885494894,21.53726900397226,21.564612756893798,128104000
2016-05-23,21.97247886657715,22.145652472550694,21.7993052606036,21.844878177138224,152074400
2016-05-24,22.30742645263672,22.350718538737592,22.065894405630456,22.152482054689294,140560800
2016-05-25,22.699350357055664,22.726692368008063,22.35528223232984,22.48288291925164,152675200
2016-05-26,22.879364013671875,22.952278954764644,22.4760518876046,22.713025880763425,225324800
2016-05-27,22.865692138671875,22.893035894534986,22.6150471277629,22.658340973272143,145364800
2016-05-31,22.75403594970703,22.877080213373,22.51706200543505,22.694792029031795,169228800
2016-06-01,22.43503761291504,22.681126196370553,22.405416515036443,22.56263832799744,116693200
2016-06-02,22.266414642333984,22.293756650121292,22.018047061550345,22.239070896117898,160766400
2016-06-03,22.31199073791504,22.39174117560807,22.2048965479719,22.28236964346596,114019600
2016-06-06,22.473770141601562,23.21659221106314,22.227683331115195,22.327940276709967,93170000
2016-06-07,22.564908981323242,22.75631172089091,22.548958897894998,22.615038311648792,89638000
2016-06-08,22.544404983520508,22.68567667004546,22.485161064871615,22.56263241058802,83392400
2016-06-09,22.706186294555664,22.783657644976127,22.435033091226014,22.44414767452766,106405600
2016-06-10,22.51934242248535,22.637828532439826,22.4395919890132,22.45098391469261,126851600
2016-06-13,22.179826736450195,22.58541781123821,22.125140983051885,22.48743822808399,152082000
2016-06-14,22.207168579101562,22.4395860533754,22.045388674443178,22.175268414150814,127727600
2016-06-15,22.134262084960938,22.423644497893772,22.109197411764256,22.289206547254377,117780800
2016-06-16,22.22768211364746,22.273253292019113,21.890449483038555,21.977035417316305,125307200
2016-06-17,21.721834182739258,22.022608481926333,21.714998679780535,22.01577297896761,244032800
2016-06-20,21.669424057006836,22.00437758305134,21.653473971882285,21.874497821771726,137647600
2016-06-21,21.8539981842041,21.95425514860418,21.573730327853145,21.632974264836903,142185600
2016-06-22,21.771963119506836,22.077293835540676,21.7263902032435,21.931463980356007,116876400
2016-06-23,21.897287368774414,21.940581209838957,21.703607231975436,21.860830769795754,128960800
2016-06-24,21.28207015991211,21.569173515659553,21.111175595038773,21.170419530955098,301245600
2016-06-27,20.9721736907959,21.20231210907493,20.849129439590143,21.190918446796537,181958400
2016-06-28,21.32535743713379,21.341309261800948,20.994962048588413,21.16813565519468,161779600
2016-06-29,21.509920120239258,21.544099365868664,21.334467470608345,21.411940543263576,146124000
2016-06-30,21.783353805541992,21.822089478340487,21.487137689611927,21.51903785996703,143345600
2016-07-01,21.849437713623047,21.981596582765608,21.721837005998097,21.758293605992687,104106000
2016-07-05,21.644359588623047,21.737782758376927,21.5235944089345,21.735503678072735,110820800
2016-07-06,21.767406463623047,21.79702929584953,21.503090484737402,21.555497169027284,123796400
2016-07-07,21.86083221435547,21.988432926856422,21.787917273150736,21.806144704629926,100558400
2016-07-08,22.029447555541992,22.07729782243793,21.885896754854173,21.98615371188072,115648400
2016-07-11,22.097801208496094,22.250466560475083,22.040836369241642,22.045392791473265,95179600
2016-07-12,22.198057174682617,22.261857513714595,22.129700413617865,22.14109233791423,96670000
2016-07-13,22.07273292541504,22.255019338119848,22.0658956855439,22.195777166665824,103568800
2016-07-14,22.510225296020508,22.55579647044835,22.175271774846365,22.191221859739,155676000
2016-07-15,22.507946014404297,22.626433848342835,22.444145675404556,22.539846183904167,120548000
2016-07-18,22.747203826904297,22.81556060236729,22.46693600606127,22.48972159788227,145975600
2016-07-19,22.75631332397461,22.78593441287697,22.63554641130614,22.68567574516308,95119600
2016-07-20,22.776826858520508,22.890756565739053,22.726697509195645,22.785941443709515,105104000
2016-07-21,22.656063079833984,23.01380231358722,22.58770455580797,22.74720719905884,130808000
2016-07-22,22.480606079101562,22.62643593553281,22.40085390956624,22.617321352202232,113254800
2016-07-25,22.179826736450195,22.521615737439962,22.084126233395963,22.38717956482979,161531600
2016-07-26,22.027164459228516,22.323382329932556,21.97019961781843,22.061343711760365,224959200
2016-07-27,23.4581241607666,23.777127663368365,23.412552976864593,23.75889849443587,369379200
2016-07-28,23.774850845336914,23.799915520397235,23.42850529480335,23.430784375744125,159479200
2016-07-29,23.745223999023438,23.822697086391937,23.624458814835958,23.74066757667422,110934800
2016-08-01,24.16448974609375,24.18727533810684,23.79080047410553,23.79080047410553,152671600
2016-08-02,23.806753158569336,24.16904880484603,23.69737987117803,24.16449238131821,135266400
2016-08-03,24.105243682861328,24.116635608645094,23.872826144980184,23.88194072866465,120810400
2016-08-04,24.254152297973633,24.283933851774712,24.118986096899697,24.187714910713066,109634800
2016-08-05,24.622997283935547,24.661942802371318,24.325174706593064,24.34579230534849,162213600
2016-08-08,24.826892852783203,24.826892852783203,24.54968959670858,24.632161747114207,112148800
2016-08-09,24.927690505981445,24.957473812255955,24.744416553749847,24.794817458663687,105260800
2016-08-10,24.742122650146484,24.94830735513366,24.687140644765385,24.9047789874568,96034000
2016-08-11,24.726091384887695,24.95518516154825,24.70776346327162,24.861255874150956,109938000
2016-08-12,24.783361434936523,24.842926298107884,24.691723587252874,24.691723587252874,74641600
2016-08-15,25.081180572509766,25.094925636036056,24.760449023407794,24.774194086934088,103472800
2016-08-16,25.058277130126953,25.25300824220447,25.019331606850184,25.11555057536226,135177600
2016-08-17,25.021625518798828,25.055989938921897,24.820021852928562,24.994133633130968,101424000
2016-08-18,24.989545822143555,25.108673799051683,24.975799009073988,25.023910233047655,87938800
2016-08-19,25.053688049316406,25.129289392447387,24.824594341292553,24.918521852702266,101472400
2016-08-22,24.858964920043945,24.994129402375847,24.707762196235322,24.93914738819395,103280800
2016-08-23,24.936853408813477,25.044527746957115,24.86354348145878,24.877288546635743,85030800
2016-08-24,24.748994827270508,24.913942588893782,24.66881237310542,24.872705648487965,94700400
2016-08-25,24.643617630004883,24.714636141875225,24.439724307408834,24.602380680050242,100344800
2016-08-26,24.499284744262695,24.73066815971261,24.354954571624482,24.606959080089144,111065200
2016-08-29,24.471792221069336,24.613830963198097,24.35037282356486,24.42597417410984,99881200
2016-08-30,24.283939361572266,24.398486245353265,24.169392477791263,24.23812130719856,99455600
2016-08-31,24.306846618652344,24.414520961220756,24.201463702989773,24.206046556801446,118649600
2016-09-01,24.451171875,24.467208364417324,24.196877722920807,24.31600568032861,106806000
2016-09-02,24.680269241333008,24.742123781734875,24.47179310013169,24.67339496098034,107210000
2016-09-06,24.67339515686035,24.81085279946069,24.629868534693674,24.719214953675976,107521600
2016-09-07,24.82459831237793,24.916236159815647,24.529067172010745,24.70317890735775,169457200
2016-09-08,24.17397117614746,24.574885229446362,24.109825207275087,24.570304123604007,212008000
2016-09-09,23.626440048217773,24.219793825851863,23.626440048217773,23.97237213291147,186228000
2016-09-12,24.15564727783203,24.219793252740153,23.488983578936768,23.516475460117416,181171200
2016-09-13,24.730670928955078,24.923110598072498,24.568014567543866,24.629870862128524,248704800
2016-09-14,25.60580825805664,25.894466879100452,24.87958147331745,24.909364780125077,443554800
2016-09-15,26.476364135742188,26.51301997404146,25.99984872493112,26.08461404011325,359934400
2016-09-16,26.32744789123535,26.60465106172326,26.125846062111304,26.373267680476893,319547600
2016-09-19,26.020465850830078,26.616109189599428,25.944864501673187,26.389306889975177,188092000
2016-09-20,26.018177032470703,26.144179293697142,25.775338217576035,25.89904905191292,138057200
2016-09-21,26.013595581054688,26.11439564085053,25.759301382936105,26.082322656209136,144012800
2016-09-22,26.25872230529785,26.33203222435925,26.116683572433615,26.196866023306033,124296000
2016-09-23,25.82115936279297,26.297674837824704,25.555411490694333,26.21290951121863,209924800
2016-09-26,25.860105514526367,25.976943832886214,25.555412112457752,25.57602971389645,119477600
2016-09-27,25.9082088470459,25.928828191435294,25.73638855113548,25.887591250502936,98429600
2016-09-28,26.105228424072266,26.263303648543392,25.986100459960383,26.0456653159395,118564400
2016-09-29,25.69974136352539,26.070873931559785,25.612686352782614,25.92425404617884,143548000
2016-09-30,25.899049758911133,25.972359690758676,25.61268256453063,25.76388353428328,145516400
2016-10-03,25.777631759643555,25.899052933133607,25.722649740980888,25.82116013783521,86807200
2016-10-04,25.887592315673828,26.187704552234916,25.802827003645554,25.90133738060136,118947200
2016-10-05,25.899049758911133,26.03879708959655,25.816575867101815,25.979232223768342,85812400
2016-10-06,26.091489791870117,26.194581291074226,25.917378034160695,26.047961415481065,115117200
2016-10-07,26.13043212890625,26.244979001991542,26.004431617220373,26.187705565448898,97433600
2016-10-10,26.586332321166992,26.746697258697147,26.281637192012965,26.35036427330586,144944000
2016-10-11,26.643606185913086,27.191140157120522,26.62069541060492,26.964336066066327,256164000
2016-10-12,26.881858825683594,27.028480428464434,26.74669435697869,26.88415025249878,150347200
2016-10-13,26.799381256103516,26.904764146242666,26.51072271051164,26.7558528946681,140769600
2016-10-14,26.94829750061035,27.072008336808725,26.83375062426148,27.005570938784786,142608800
2016-10-17,26.929973602294922,26.996409258081005,26.753570419030886,26.879572692790912,94499600
2016-10-18,26.91164207458496,27.081170953777765,26.907059220964147,27.07429842119308,98214000
2016-10-19,26.83146095275879,26.978080814699002,26.070869763501435,26.861242511393115,80138400
2016-10-20,26.817712783813477,26.89102271107884,26.650475331542438,26.77189473471508,96503200
2016-10-21,26.71232795715332,26.783348200363697,26.63901803514478,26.76043742961082,92770800
2016-10-24,26.952878952026367,26.973496549729994,26.803967670951774,26.826876695460204,94154800
2016-10-25,27.0903377532959,27.11553820731275,26.874989054550714,27.02160892455054,192516000
2016-10-26,26.480947494506836,26.506147948519903,25.95861398923006,26.187707754551223,264536800
2016-10-27,26.226648330688477,26.542797016934276,26.139591603459056,26.435122695053426,138248000
2016-10-28,26.052541732788086,26.393890933552548,25.990685441011692,26.086906145125347,151446800
2016-10-31,26.01130485534668,26.16938010380211,25.9334120706561,26.03650530793658,105677600
2016-11-01,25.541664123535156,26.063997643480405,25.321734312392252,25.99297913354741,175303200
2016-11-02,25.564563751220703,25.73867544313166,25.482091631732487,25.521037139127557,113326800
2016-11-03,25.290555953979492,25.665895442781576,25.22608063141921,25.555366820341316,107730400
2016-11-04,25.06258201599121,25.387263508213586,24.89448592624151,24.99119888939781,123348000
2016-11-07,25.424110412597656,25.447137060209464,25.205352868233966,25.348120894340145,130240000
2016-11-08,25.573776245117188,25.725755232572485,25.260609019591147,25.401073808547093,97016800
2016-11-09,25.53233528137207,25.63365463686349,24.88067255959203,25.302065296579254,236705600
2016-11-10,24.820796966552734,25.580686712107354,24.36946809636885,25.580686712107354,228538000
2016-11-11,24.96817398071289,25.069493334010403,24.53526705113169,24.666520869348684,136575600
2016-11-14,24.34184455871582,24.825411268329997,23.966505043840524,24.802384616790444,204702000
2016-11-15,24.664216995239258,24.795470809824764,24.44546122320357,24.539870998765544,129058000
2016-11-16,25.327394485473633,25.38266054531642,24.546779397604602,24.56980604412884,235362000
2016-11-17,25.31817626953125,25.410284586233168,25.0602750909499,25.285938622208583,110528000
2016-11-18,25.34351348876953,25.454043852398016,25.251406902036415,25.265222538682277,113715600
2016-11-21,25.728065490722656,25.787934420268233,25.332000846304773,25.357330684505023,117058400
2016-11-22,25.744182586669922,25.886948839478784,25.652074250032346,25.778721675691163,103862000
2016-11-23,25.612926483154297,25.677401785977857,25.405683183492684,25.64286094323088,109705600
2016-11-25,25.741878509521484,25.7603005275793,25.548450833555098,25.589899495775015,45903600
2016-11-28,25.691221237182617,25.89846456763348,25.649772571092445,25.658983580981428,108776000
2016-11-29,25.665889739990234,25.7971435479873,25.345814633526857,25.50930609564107,114115200
2016-11-30,25.449432373046875,25.836285933053308,25.39186488945556,25.69812432379819,144649200
2016-12-01,25.212261199951172,25.546153745989834,25.106337213324622,25.414899919428603,148347600
2016-12-02,25.30667495727539,25.350425065413624,25.064890739203975,25.138577073607134,106112000
2016-12-05,25.124752044677734,25.336599957307254,24.926719765578795,25.32969214054196,137298000
2016-12-06,25.31817626953125,25.412587777276222,25.143172400299626,25.214555511254105,104782000
2016-12-07,25.566877365112305,25.603721407732273,25.136273597120493,25.159300245347648,119994800
2016-12-08,25.817869186401367,25.889252313584898,25.467857854722514,25.527728537713447,108273200
2016-12-09,26.239259719848633,26.41196217984804,25.861617147862216,25.861617147862216,137610400
2016-12-12,26.089590072631836,26.481048345444968,25.90307018964767,26.087286880865953,105497600
2016-12-13,26.524797439575195,26.692893527728142,26.193208132680063,26.213931585950814,174935200
2016-12-14,26.524797439575195,26.757368835886556,26.476440958456386,26.49025659397022,136127200
2016-12-15,26.669864654541016,26.879411145367662,26.534006231818875,26.56854531771756,186098000
2016-12-16,26.704404830932617,26.82644761625008,26.63071852148697,26.819539799242705,177404400
2016-12-19,26.85869026184082,27.029089554719874,26.653750120681007,26.665264322381432,111117600
2016-12-20,26.930068969726562,27.056718140345637,26.867896858490077,26.881712492804798,85700000
2016-12-21,26.955406188964844,27.03369890411242,26.89093086873785,26.895537252651614,95132800
2016-12-22,26.778093338012695,26.82875300931792,26.628417515561896,26.79190897316127,104343600
2016-12-23,26.831056594848633,26.831056594848633,26.61690544877681,26.61690544877681,56998000
2016-12-27,27.001461029052734,27.125807041423812,26.82415214301926,26.8310599620142,73187600
2016-12-28,26.886322021484375,27.176460916964754,26.757369644450435,27.061325932682575,83623600
2016-12-29,26.87940788269043,26.966909817713006,26.803418389296596,26.814930830925345,60158000
2016-12-30,26.669864654541016,26.987636542550618,26.58005951756395,26.860989128341537,122345200
2017-01-03,26.74585723876953,26.78730590344384,26.42578212254811,26.665263101019615,115127600
2017-01-04,26.71592140197754,26.828754953267687,26.653749282483766,26.67677592833996,84472400
2017-01-05,26.851783752441406,26.90935125010862,26.667567057178076,26.6928968966973,88774400
2017-01-06,27.151132583618164,27.208700075222662,26.819543269793733,26.890926397200776,127007600
2017-01-09,27.399818420410156,27.50113775157672,27.158036048517403,27.160337482901994,134247600
2017-01-10,27.427453994750977,27.489626108498722,27.24093589668743,27.349161297891264,97848400
2017-01-11,27.574827194213867,27.616275856511386,27.31001639380307,27.342254047054436,110354400
2017-01-12,27.45969009399414,27.471204293616978,27.22020914776478,27.379095967094887,108344800
2017-01-13,27.411334991455078,27.544891983763733,27.3583721300843,27.427453817642654,104447600
2017-01-17,27.632396697998047,27.687660999484315,27.222516428069017,27.250147700401918,137759200
2017-01-18,27.630098342895508,27.74753654132879,27.565623020405322,27.632401534933237,94852000
2017-01-19,27.581729888916016,27.653112999739974,27.487320138163685,27.494227954460197,102389200
2017-01-20,27.632396697998047,27.736017482887355,27.570224578428558,27.736017482887355,130391600
2017-01-23,27.650815963745117,27.81891204309813,27.579431084746446,27.632393946144152,88200800
2017-01-24,27.625484466552734,27.655418925737962,27.517257315684336,27.528771515197217,92844000
2017-01-25,28.0653018951416,28.115961567076894,27.69687031309449,27.72910796672234,129510400
2017-01-26,28.079116821289062,28.194251790368554,28.0008241287685,28.016942954166822,105350400
2017-01-27,28.081418991088867,28.173527320128414,28.000824861986857,28.12517084266721,82251600
2017-01-30,28.007736206054688,28.007736206054688,27.784375807794287,27.84654792755327,121510000
2017-01-31,27.943262100219727,27.952473110362984,27.775165996361807,27.897208806323995,196804000
2017-02-01,29.647253036499023,30.047923973514425,29.246583856303737,29.251188481832827,447940000
2017-02-02,29.59659767150879,29.794629977612935,29.423895201544966,29.469950247627544,134841600
2017-02-03,29.723251342773438,29.748581182740573,29.5114033692489,29.545942463003502,98029200
2017-02-06,30.001874923706055,30.05023316675811,29.68179978377818,29.734764410368804,107383600
2017-02-07,30.28740882873535,30.416359449564307,30.038716839861973,30.059440293857865,152735200
2017-02-08,30.404836654663086,30.446287064580126,30.21601716000072,30.245953371960812,92016400
2017-02-09,30.62454605102539,30.63148381730507,30.32389657303463,30.446468482474295,113399600
2017-02-10,30.5551700592041,30.74481178011904,30.5389831114215,30.633803971878972,80262000
2017-02-13,30.825746536254883,30.948321967432385,30.70086322161718,30.777182175124473,92141600
2017-02-14,31.225852966308594,31.242039915462477,30.81650700709745,30.867386325366628,132904800
2017-02-15,31.339170455932617,31.51493664705215,31.13334178123319,31.341485397736633,142492400
2017-02-16,31.302175521850586,31.429370303188215,31.184226393800735,31.376179565781097,90338400
2017-02-17,31.38773536682129,31.41317502211785,31.244350143626683,31.244350143626683,88792800
2017-02-21,31.6143856048584,31.625949729181603,31.44787209545506,31.505689188195795,98028800
2017-02-22,31.709199905395508,31.7115113182305,31.477931582412204,31.551935610752093,83347600
2017-02-23,31.575057983398438,31.79476214360493,31.521867267087664,31.771637432931243,83152800
2017-02-24,31.605131149291992,31.605131149291992,31.28597972137464,31.43167990001077,87106400
2017-02-27,31.667570114135742,31.785519218610354,31.51724711412349,31.716138015191394,81029600
2017-02-28,31.681447982788086,31.785518019553354,31.61437819475917,31.702261284366248,93931600
2017-03-01,32.32899475097656,32.41225148179693,31.822520128099818,31.8895863837367,145658400
2017-03-02,32.13703918457031,32.442311454867365,32.09078270915152,32.377556623929394,104844000
2017-03-03,32.32668685913086,32.338250981396506,32.051476982031915,32.095418529316575,84432400
2017-03-06,32.22492218017578,32.32436937834266,32.05378590671845,32.23185994645789,87000000
2017-03-07,32.26654815673828,32.37292957863088,32.0977197885904,32.16016320597213,69785200
2017-03-08,32.146297454833984,32.331312822219466,32.10467084983143,32.1347333327084,74828800
2017-03-09,32.07228088378906,32.097720533766775,31.695316016322124,32.086159943764414,88623600
2017-03-10,32.178672790527344,32.229552101477296,32.06303863452733,32.20411244600232,78451200
2017-03-13,32.19255447387695,32.24574520771233,32.10467489816524,32.11161266654051,69686800
2017-03-14,32.14398193359375,32.296616327969346,32.109289571651075,32.215674541184775,61236400
2017-03-15,32.48396301269531,32.551029300110905,32.15324734535898,32.24113047199923,102767200
2017-03-16,32.537139892578125,32.61345886020559,32.43769268183648,32.54407765973749,76928000
2017-03-17,32.37525177001953,32.60883149115717,32.352123527625004,32.60883149115717,175540000
2017-03-20,32.7152099609375,32.72445913873168,32.4307474573171,32.47006263847124,86168000
2017-03-21,32.34055709838867,33.025112795244745,32.31511744511997,32.865537109184174,158119600
2017-03-22,32.705970764160156,32.74760090361427,32.322064442958755,32.34288127712336,103440800
2017-03-23,32.59032440185547,32.742962308001125,32.51863180229808,32.66895476724913,81385200
2017-03-24,32.52558517456055,32.779981806867895,32.458518896338866,32.72447612467116,89582400
2017-03-27,32.581085205078125,32.6597155945606,32.05841649279786,32.23649410452276,94300400
2017-03-28,33.25638198852539,33.31188412161657,32.52094696519964,32.58801674785039,133499200
2017-03-29,33.33039474487305,33.41596643727402,33.115316865024205,33.22863610236925,116760000
2017-03-30,33.28644561767578,33.418270246070115,33.18700193986894,33.34657763576764,84829200
2017-03-31,33.22401809692383,33.36509195743355,33.073691524548366,33.23789363584682,78646800
2017-04-03,33.233253479003906,33.33038574000391,33.082930497929304,33.23556842044681,79942800
2017-04-04,33.4807243347168,33.50847541105514,33.110693515453626,33.12919540930433,79565600
2017-04-05,33.30726623535156,33.64029319877768,33.25869833282079,33.35351919607748,110871600
2017-04-06,33.22401809692383,33.42290905552974,33.17545018181776,33.3697147844908,84596000
2017-04-07,33.149993896484375,33.34425840175549,33.13380695214871,33.24018838313695,66688800
2017-04-10,33.11067581176758,33.27487782634953,33.04823239451827,33.21012299693304,75733600
2017-04-11,32.75453567504883,33.1523174967134,32.391442692359455,33.057496631681495,121517600
2017-04-12,32.793846130371094,32.87478791924265,32.61114219450171,32.74759317546245,81400000
2017-04-13,32.62040328979492,32.92799063588841,32.62040328979492,32.81929422302548,71291600
2017-04-17,32.8007926940918,32.81235681813894,32.57877351056247,32.71984735463705,66328400
2017-04-18,32.655086517333984,32.84935106181636,32.634273215183995,32.703654417891855,58790000
2017-04-19,32.53481674194336,32.84009253542777,32.481626030850855,32.812341473792294,69313600
2017-04-20,32.94185256958008,33.05286034983566,32.645829469649385,32.65970500107212,93278400
2017-04-21,32.90254211425781,32.99735943555886,32.805409851471275,32.94185730189468,69283600
2017-04-24,33.21937561035156,33.2910682125583,33.11299064880763,33.186998192294524,68537200
2017-04-25,33.42520523071289,33.510773367645065,33.27256731439549,33.28182002204297,75486000
2017-04-26,33.22862243652344,33.441392344548845,33.15924478050825,33.411326341026495,80164800
2017-04-27,33.25407409667969,33.339645784792786,33.14306627809032,33.28414011106064,56985200
2017-04-28,33.22169494628906,33.37202148152268,33.13381537853107,33.3234535784165,83441600
2017-05-01,33.899314880371094,34.042700126921005,33.52466128577298,33.55703871334473,134411600
2017-05-02,34.11438751220703,34.24852355694448,33.95943816627095,34.12132527927324,181408800
2017-05-03,34.010318756103516,34.10976596924904,33.36508169256447,33.67035404157906,182788000
2017-05-04,33.88774490356445,34.028818712660346,33.721231439422596,33.88543349087821,93487600
2017-05-05,34.44972610473633,34.45434892975689,33.9409330425496,33.9409330425496,109310800
2017-05-08,35.38636016845703,35.54593585491734,34.46591335230264,34.46591335230264,195009600
2017-05-09,35.613014221191406,35.81884291000075,35.488127336953184,35.5852596197635,156521600
2017-05-10,35.44417190551758,35.601436155771424,35.178214820705925,35.52974356050255,103222800
2017-05-11,35.75071334838867,35.7785825048383,35.36986794901809,35.40237901200923,109020400
2017-05-12,36.25000762939453,36.32431713842479,35.91792693425418,35.924893339993226,130108000
2017-05-15,36.157108306884766,36.377719374463794,36.0061648247098,36.229096845874075,104038800
2017-05-16,36.103694915771484,36.24070557774728,35.92952773898997,36.21283996336312,80194000
2017-05-17,34.89148712158203,35.89469164682741,34.766088327646294,35.669435173615554,203070800
2017-05-18,35.42328643798828,35.60906550250236,35.09585477886025,35.12836584939215,134272800
2017-05-19,35.544044494628906,35.75768918542705,35.444190326040655,35.61835754018011,107843200
2017-05-22,35.760009765625,35.8970204419808,35.50920857952385,35.762330719253846,91865600
2017-05-23,35.715885162353516,35.971328243695154,35.60209465796139,35.971328243695154,79675600
2017-05-24,35.60905838012695,35.80180381095709,35.453469463455924,35.72516982929401,76712000
2017-05-25,35.73215103149414,35.8436206201374,35.53708456653097,35.699639954000276,76942400
2017-05-26,35.6717643737793,35.8180659533947,35.602096786179544,35.762331174626766,87710400
2017-05-30,35.685699462890625,35.86218762510547,35.60674451217143,35.627643726754584,80507600
2017-05-31,35.474369049072266,35.801804189612106,35.38612675631136,35.75536031814212,97804800
2017-06-01,35.571895599365234,35.6067311540426,35.34896364056432,35.56957464642925,65616400
2017-06-02,36.09906005859375,36.09906005859375,35.504569821014016,35.6648042376232,111082800
2017-06-05,35.74608612060547,35.8668430776049,35.63694456620131,35.84129840484429,101326800
2017-06-06,35.86682891845703,36.18265222816433,35.7112399888613,35.7391056050753,106499600
2017-06-07,36.08045959472656,36.22211566131747,35.87378141987484,35.999183731120105,84278400
2017-06-08,35.99222946166992,36.119949225164746,35.855215254172016,36.05260614156639,85003200
2017-06-09,34.59657287597656,36.03867890361753,33.909194952599776,36.03867890361753,259530800
2017-06-12,33.76984405517578,33.92543292855928,33.094074758608635,33.84415706281884,289229200
2017-06-13,34.04155349731445,34.241265329747584,33.707151959897104,34.173922248975565,136661600
2017-06-14,33.7094841003418,34.25288495014194,33.402948107054954,34.25288495014194,126124800
2017-06-15,33.50743865966797,33.551561574955535,33.024418175046314,33.28218572022731,128661600
2017-06-16,33.038352966308594,33.55620904100653,33.02209566246163,33.389008269576124,201444400
2017-06-19,33.9835090637207,34.076400379109415,33.36115319610247,33.36115319610247,130165600
2017-06-20,33.67464828491211,34.10658310827601,33.65839452120365,34.10658310827601,99600400
2017-06-21,33.874351501464844,33.92079891376589,33.58175193854454,33.79307561681812,85063200
2017-06-22,33.81861114501953,34.06708772522799,33.700175236446206,33.85112219878809,76425200
2017-06-23,33.96955871582031,34.173915960736686,33.697858402523515,33.702503851755125,141757600
2017-06-26,33.86275100708008,34.434017458450086,33.76057234593985,34.17624985182483,102769600
2017-06-27,33.377410888671875,33.941714622797335,33.351866216864686,33.67465604600548,99047600
2017-06-28,33.86505889892578,33.9300810139464,33.2450243099109,33.5538811279786,88329600
2017-06-29,33.36578369140625,33.702509722280126,33.04067305735441,33.604976532064576,125997600
2017-06-30,33.44474411010742,33.663034209976,33.389009336702564,33.544598259420724,92096400
2017-07-03,33.32399368286133,33.741995706038395,33.23110591924023,33.64446249120392,57111200
2017-07-05,33.46099853515625,33.623553864846315,33.14285427965996,33.36811078774491,86278400
2017-07-06,33.14516830444336,33.323980901443484,33.07085883073609,33.21251491916274,96515200
2017-07-07,33.48188781738281,33.614256538801015,33.18464286168929,33.18464286168929,76806800
2017-07-10,33.68626022338867,33.89293850508548,33.29380287486033,33.46564913178166,84362400
2017-07-11,33.795406341552734,33.869719387969006,33.52835136080657,33.60962726895315,79127200
2017-07-12,33.84416198730469,33.946337072521985,33.63051737440347,33.874348550542635,99538000
2017-07-13,34.31557083129883,34.48277156333714,33.7744911767081,33.78842398047139,100797600
2017-07-14,34.610504150390625,34.67785078484999,34.21340492186684,34.36202745628382,80528400
2017-07-17,34.73125457763672,35.04243239726825,34.50135618621704,34.55941190824262,95174000
2017-07-18,34.852027893066406,34.86363975163077,34.5245926161367,34.64767052134715,71475200
2017-07-19,35.0703125,35.1632002668583,34.821832231320236,34.94491011695601,83692000
2017-07-20,34.912391662597656,35.23750586474434,34.877559643250706,35.1817710903488,68974800
2017-07-21,34.896141052246094,34.93561852555064,34.57335131787063,34.83111891463383,105010400
2017-07-24,35.318782806396484,35.400062245206634,34.81021404818792,34.96812747527722,85972800
2017-07-25,35.469722747802734,35.725165780959614,35.25143268115461,35.25143268115461,75415600
2017-07-26,35.63692855834961,35.74607006372819,35.544037270290794,35.611383897063476,63124000
2017-07-27,34.9634895324707,35.76001615615087,34.20644393162103,35.704281368132484,129905200
2017-07-28,34.71732711791992,34.8868488601785,34.64533857847206,34.80789391648992,68854800
2017-07-31,34.53850173950195,34.910059698064146,34.39917016262061,34.81020203503184,79383600
2017-08-01,34.84504318237305,34.88452064600083,34.464197808236975,34.62443215930494,141474400
2017-08-02,36.49150085449219,37.09760267371583,36.26392343901686,36.98845764372018,279747200
2017-08-03,36.126922607421875,36.50776806757906,35.99919928834219,36.47061154867575,108389200
2017-08-04,36.317344665527344,36.551888554255555,36.154789319703795,36.2430351689112,82239600
2017-08-07,36.879302978515625,36.90484762872242,36.382346319124174,36.47291307105032,87481200
2017-08-08,37.17424774169922,37.580637876655814,36.753924797637495,36.83055879115649,144823600
2017-08-09,37.401817321777344,37.45058568678089,36.94898340434453,36.983815419747046,104526000
2017-08-10,36.21050262451172,37.301571894907305,36.04963902653811,37.278256989530945,163217200
2017-08-11,36.71407699584961,36.96819669849492,36.38535954469906,36.508920736715325,105028400
2017-08-14,37.266605377197266,37.35053406139659,37.0101556317673,37.14304419731428,88490800
2017-08-15,37.67458724975586,37.81446600331374,37.33420885712396,37.45543995609141,117862000
2017-08-16,37.52305221557617,37.88674200095783,37.33654362997252,37.75385699046317,110686400
2017-08-17,36.80268096923828,37.467116956711536,36.79801727447992,37.42282074989908,111762400
2017-08-18,36.71873092651367,37.18500052558051,36.536886067465986,36.80265959663989,109712400
2017-08-21,36.65113067626953,36.809660663895095,36.16154607710975,36.71873821632033,105474000
2017-08-22,37.250282287597656,37.30157223400783,36.83996627367142,36.888922595109676,86418400
2017-08-23,37.29691696166992,37.411154333074954,37.04047072907822,37.084766925283354,77596400
2017-08-24,37.13138961791992,37.47409814181354,36.96353223652894,37.40182334806708,79275600
2017-08-25,37.26893615722656,37.4321298359122,37.13138745357405,37.21997627494317,101920400
2017-08-28,37.644283294677734,37.76784447658678,37.285253645188696,37.33421352733916,103864000
2017-08-29,37.97999954223633,38.028955868971686,37.3015762700593,37.3248911781703,118067600
2017-08-30,38.082584381103516,38.20847565209221,37.910063287850285,38.18749436648676,109078400
2017-08-31,38.23411178588867,38.355342892488736,38.1128806792886,38.15018310552788,107140400
2017-09-01,38.24577331542969,38.45326319213896,38.14785710413093,38.42062445503937,66364400
2017-09-05,37.78650665283203,38.29240898082531,37.43214059344892,38.17584152578475,117874000
2017-09-06,37.746864318847656,37.99865038307383,37.42280702048679,37.93337290983247,86606800
2017-09-07,37.59531021118164,37.82378483784926,37.3854903495974,37.78881248934913,87714000
2017-09-08,36.982173919677734,37.5696710457614,36.95885901707796,37.50206351998956,114446000
2017-09-11,37.651283264160156,37.7795081601223,37.275935963628775,37.41814838326752,126323200
2017-09-12,37.50206756591797,38.22478693622561,37.014816642265714,37.91005350394695,286856000
2017-09-13,37.2199821472168,37.292256948153394,36.81432973296265,37.271272105375175,179629600
2017-09-14,36.90058135986328,37.16169123643117,36.85628517208367,37.06610865777309,95042800
2017-09-15,37.27359390258789,37.52770998723289,36.8352993291783,36.944872972530696,196458400
2017-09-18,36.99150848388672,37.418145712349464,36.83530855172097,37.32722325758565,113077600
2017-09-19,37.00548553466797,37.24794771699612,36.93787800840331,37.187330392736726,83242400
2017-09-20,36.38534927368164,36.89591148810429,35.863126050647985,36.811982819355215,211805600
2017-09-21,35.760555267333984,36.322411121667834,35.61134910242329,36.322411121667834,150046800
2017-09-22,35.410858154296875,35.499450550486785,35.100788324988265,35.32925952018973,186581600
2017-09-25,35.098453521728516,35.396865854855974,34.774396211971876,34.967898570654704,177549200
2017-09-26,35.702266693115234,35.88411157067662,35.364221910846254,35.385203191175236,146640000
2017-09-27,35.95639419555664,36.070631575821636,35.79553054732748,35.8561478973015,102016800
2017-09-28,35.734920501708984,35.96805542333149,35.59970182028514,35.87713294619298,88022000
2017-09-29,35.93073272705078,35.933066351659704,35.43648811018328,35.71858277155957,105199200
2017-10-02,35.85847473144531,36.00768090988704,35.604358570207296,35.963384714241606,74795200
2017-10-03,36.01467514038086,36.156887558977715,35.881790109070714,35.90510146257561,64921200
2017-10-04,35.78152847290039,35.87012083615752,35.54373353577037,35.81650082766994,80655200
2017-10-05,36.22682189941406,36.23847935264511,35.9144220740115,35.9447271835859,85135200
2017-10-06,36.20583724975586,36.25013343349978,36.03331620710981,36.12890233441458,69630400
2017-10-09,36.33173370361328,36.539223575154196,36.25013864157454,36.324739942791545,65051600
2017-10-10,36.3457145690918,36.83529908108613,36.1592095715271,36.38301699154666,62468000
2017-10-11,36.497257232666016,36.59750349897214,36.31074866289442,36.36203860851548,67622400
2017-10-12,36.369041442871094,36.688435091547525,36.30609402892953,36.4506400741789,64500400
2017-10-13,36.59983444213867,36.66744197058261,36.464615827895976,36.539217115925325,65576800
2017-10-16,37.27359390258789,37.30156894094005,36.75370072417806,36.81198442564828,96486000
2017-10-17,37.41114044189453,37.504392935964724,37.122052018509535,37.25027686587202,75989200
2017-10-18,37.24562454223633,37.467105508625025,37.208325667636494,37.39949440603615,65496800
2017-10-19,36.364376068115234,36.620825848350755,36.14056858477861,36.5438909142801,170336800
2017-10-20,36.427330017089844,36.77703238525391,36.35972245781496,36.51125872774348,95896400
2017-10-23,36.40867233276367,36.76303833231093,36.25247239626695,36.576529724267324,87937200
2017-10-24,36.625492095947266,36.700093409809966,36.41566856366155,36.436649849683306,71028800
2017-10-25,36.464622497558594,36.730396082480816,36.198848912636365,36.58118992177633,84828400
2017-10-26,36.69775390625,36.79567010653239,36.550877827148845,36.65578778764032,68002000
2017-10-27,38.01262664794922,38.14085148861399,36.99848893047398,37.1360375971169,177816800
2017-10-30,38.86823272705078,39.18296611854663,38.16882835248632,38.208460840162424,178803200
2017-10-31,39.40910720825195,39.551319586418295,38.91952623556408,39.14333366383427,144187200
2017-11-01,38.90786361694336,39.618925413354475,38.60945138063877,39.602604271088005,134551200
2017-11-02,39.192291259765625,39.28321368921502,38.53251935074372,38.84025899340612,165573600
2017-11-03,40.215755462646484,40.62607145512483,39.894028280591726,40.5654576840608,237594400
2017-11-06,40.62374496459961,40.796266023002474,40.033914117133875,40.18545033681438,140105200
2017-11-07,40.75429153442383,40.856871409850676,40.47220043435453,40.544471649126756,97446000
2017-11-08,41.08769226074219,41.08769226074219,40.64240378911487,40.719338725889955,97638000
2017-11-09,41.003746032714844,41.05503596863797,40.36495545817056,40.82423125698391,117930400
2017-11-10,40.86805725097656,41.034179626513755,40.7744694933025,40.971005926504496,100582000
2017-11-13,40.70426559448242,40.82827094555374,40.570899328154894,40.59429804615229,67928400
2017-11-14,40.08892059326172,40.58962251595852,40.05148406797848,40.48667385650138,99130000
2017-11-15,39.56013488769531,39.85026254347845,39.396354586101126,39.76837060760995,116632400
2017-11-16,40.032772064208984,40.21292866021531,39.84559299536479,40.05148675796399,94550000
2017-11-17,39.81049728393555,40.100625036439055,39.69117236088227,40.0187330732701,87598000
2017-11-20,39.77071762084961,39.90642234859549,39.67244941871851,39.8432486578885,65049600
2017-11-21,40.510074615478516,40.64109889041839,39.957898335272105,39.957898335272105,100525200
2017-11-22,40.93590545654297,40.94526280289188,40.48901630283123,40.56154734000195,102355600
2017-11-24,40.938255310058594,41.06226071206752,40.86338223782588,40.968672941921206,56106800
2017-11-27,40.73234176635742,40.96397622523732,40.55686208936625,40.956957323769124,82867200
2017-11-28,40.49369430541992,40.91484269830939,40.21058550605959,40.781479992599294,105715200
2017-11-29,39.65373611450195,40.45860366514823,39.11092070578444,40.390753077862556,166665600
2017-11-30,40.208248138427734,40.276098715053735,39.41039961629005,39.87600344692711,166108800
2017-12-01,40.02107238769531,40.16613446908838,39.424440672392954,39.763700723794294,159037200
2017-12-04,39.72860336303711,40.3884051547969,39.68882839422034,40.355649088115825,130169600
2017-12-05,39.691162109375,40.131032298237315,39.40103443180621,39.55545740068039,109400800
2017-12-06,39.543766021728516,39.82219439660401,38.9471378700168,39.19046816116915,114240000
2017-12-07,39.61628723144531,39.878335697905364,39.5203574999224,39.54843310128809,102693200
2017-12-08,39.62799072265625,40.009367709349114,39.49930847795134,39.8900428102044,93420800
2017-12-11,40.40010452270508,40.451578851805564,39.49228843145303,39.58821818751698,141095200
2017-12-12,40.17315673828125,40.334598652789644,40.117005512465504,40.27844385682984,77636800
2017-12-13,40.306514739990234,40.60365776912856,40.243341053812145,40.36032751036392,95273600
2017-12-14,40.29481887817383,40.50773510441506,40.16145259245889,40.33693229251941,81906000
2017-12-15,40.70426559448242,40.75105946033409,40.35096780163774,40.62471566552028,160677200
2017-12-18,41.277503967285156,41.46000256744993,40.91250676695561,40.91718722520547,117684400
2017-12-19,40.8376350402832,41.03651346570218,40.732347932179394,40.952283065190386,109745600
2017-12-20,40.79317092895508,41.04352004102671,40.53579934631823,40.914834249708285,93902400
2017-12-21,40.94759750366211,41.18391242655621,40.734684869859905,40.751061117009336,83799600
2017-12-22,40.94759750366211,41.04352725315094,40.82827260536791,40.87038601530353,65397600
2017-12-26,39.90877151489258,40.11934576146174,39.70053214264536,39.96258429876794,132742000
2017-12-27,39.91577911376953,39.95789252309861,39.70754337064159,39.798792660997805,85992800
2017-12-28,40.02810287475586,40.20826309162624,39.8877176410643,40.009384605587336,65920800
2017-12-29,39.59523391723633,39.91343721247929,39.59289547342585,39.89706096551949,103999600
2018-01-02,40.30418014526367,40.31354106279126,39.60226127674198,39.81283907938488,102223600
2018-01-03,40.29716110229492,40.83998007240303,40.23399097485094,40.367353702932206,118071600
2018-01-04,40.48432540893555,40.58727404295443,40.262051896472606,40.36967741738859,89738400
2018-01-05,40.94525909423828,41.03182792816311,40.48901263550257,40.58026192724971,94640000
2018-01-08,40.79317092895508,41.0879754571315,40.69489918275364,40.79317092895508,82271200
2018-01-09,40.78850173950195,40.959300980537996,40.57324707008062,40.83997607024875,86336000
2018-01-10,40.779136657714844,40.78147867169188,40.477313176567634,40.51474969876762,95839600
2018-01-11,41.010780334472656,41.05991622716522,40.825943266073914,40.84933842009661,74670800
2018-01-12,41.434268951416016,41.497442647697724,41.0973473314388,41.22135270960487,101672400
2018-01-16,41.22368240356445,41.97239490744549,41.211983045506045,41.62377403010491,118263600
2018-01-17,41.904544830322266,41.93963933476282,40.9616343961619,41.21432196841968,137547200
2018-01-18,41.94198226928711,42.138522225627405,41.705670917084234,41.967719432013624,124773600
2018-01-19,41.75480651855469,42.01685503172588,41.509134252385074,41.78990102651753,129700400
2018-01-22,41.4132080078125,41.59570660494731,41.31962026523079,41.48340059982055,108434400
2018-01-23,41.422569274902344,41.984106493976,41.371098510710866,41.48340452646805,130756400
2018-01-24,40.76275634765625,41.48339326253361,40.524103005097594,41.47169390424431,204420400
2018-01-25,40.03510284423828,40.93355791852135,39.89939813455858,40.83060927185792,166116000
2018-01-26,40.128692626953125,40.243340638442135,39.78943262048329,40.243340638442135,156572000
2018-01-29,39.29808807373047,39.81282771637196,39.08985234497419,39.81282771637196,202561600
2018-01-30,39.06645965576172,39.16004739790291,38.53534011524448,38.7295380718238,184192800
2018-01-31,39.17408752441406,39.41040247806591,38.95649440447249,39.04306324959199,129915600
2018-02-01,39.2559700012207,39.452506365991724,39.017316661059965,39.113246399868274,188923200
2018-02-02,37.55264663696289,39.026676471320826,37.45905891452289,38.83949745629807,346375200
2018-02-05,36.61442947387695,38.343489490275864,36.49978143923265,37.22509903691603,290954000
2018-02-06,38.14461135864258,38.30605327216174,36.03183581681367,36.226033801905984,272975200
2018-02-07,37.328041076660156,38.23117676302514,37.218077079981796,38.1586457232369,206434400
2018-02-08,36.300899505615234,37.66964260600261,36.27282389580829,37.50352025097628,217562000
2018-02-09,36.744911193847656,37.09260194445449,35.295412891463684,36.89996378245455,282690400
2018-02-12,38.224945068359375,38.50215699971971,37.003322717140904,37.235901563137254,243278000
2018-02-13,38.607887268066406,38.70420816084328,37.97593331088665,38.046412100350224,130196800
2018-02-14,39.319698333740234,39.35963546055641,38.26487927006366,38.3024648346151,162579600
2018-02-15,40.63999938964844,40.66348992516853,39.70263991420008,39.88823055901645,204588800
2018-02-16,40.50844192504883,41.06992063350234,40.35339290200922,40.49199890679154,160704400
2018-02-20,40.37217712402344,40.938348059316176,40.27115672319348,40.419161773030865,135722000
2018-02-21,40.18893814086914,40.90546216900995,40.17483951865487,40.6024081083395,149886400
2018-02-22,40.52488708496094,40.865530346416314,40.33929642572378,40.36043898474452,123967600
2018-02-23,41.22966766357422,41.26490526188542,40.76920939900944,40.79975104067896,135249600
2018-02-26,42.044864654541016,42.14353351551222,41.39646774614467,41.42935736646841,152648800
2018-02-27,41.908607482910156,42.39960381939235,41.854575302288154,42.07540715096048,155712400
2018-02-28,41.84516525268555,42.43248231982833,41.828722238848975,42.112981691914705,151128400
2018-03-01,41.11219787597656,42.235147908327306,40.562469918991304,41.943837330028686,195208000
2018-03-02,41.39645767211914,41.417600226175026,40.51313051032975,40.59535633347892,153816000
2018-03-05,41.53977584838867,41.75590816450628,40.99944326574465,41.161543399007854,113605600
2018-03-06,41.50452423095703,41.87570906687499,41.37766531511881,41.79583480191392,95154000
2018-03-07,41.11924362182617,41.31188534708122,40.940700517810946,41.098101067014966,126814000
2018-03-08,41.56796646118164,41.61025158273074,41.12865430315472,41.2249716082499,95096400
2018-03-09,42.28211975097656,42.286819290168715,41.673660267073345,41.80757024881396,128740800
2018-03-12,42.69091033935547,42.848310909275334,42.33617206249424,42.35496305722243,128828400
2018-03-13,42.27979278564453,43.10908442263921,42.108297159232286,42.89530009187744,126774000
2018-03-14,41.920345306396484,42.40899355680424,41.77234025219969,42.36200890641291,117473600
2018-03-15,41.969688415527344,42.343224903462456,41.833433970776106,41.93445081510891,90975200
2018-03-16,41.821693420410156,42.08011089467897,41.72772049683018,41.969694949910306,157618800
2018-03-19,41.18268585205078,41.69247678950339,40.79740588350734,41.6572391887555,133787200
2018-03-20,41.168575286865234,41.53506053523963,41.0980965272474,41.168575286865234,78597600
2018-03-21,40.23593521118164,41.13335419534506,40.233583647737255,41.12160713222426,148219600
2018-03-22,39.66740036010742,40.56716704796147,39.60866864715772,39.937564805796335,165963200
2018-03-23,38.74884033203125,39.91877519588673,38.74884033203125,39.55933735467391,164115200
2018-03-26,40.588321685791016,40.665847993277964,39.10123397243239,39.48416596813154,150164800
2018-03-27,39.54758834838867,41.14743975601389,39.213992623887194,40.802096971098365,163690400
2018-03-28,39.11063766479492,39.94228107591867,38.80758347631134,39.29153242016151,166674000
2018-03-29,39.41603469848633,40.348694771240936,39.20929788093871,39.42308221865727,153594000
2018-04-02,39.15760040283203,39.688537307064934,38.63841414116743,39.14820490735568,150347200
2018-04-03,39.559326171875,39.64389996852914,38.73473434302113,39.38313106090376,121112000
2018-04-04,40.31578826904297,40.40975755511149,38.70888981826123,38.734731909634846,138422000
2018-04-05,40.59536361694336,40.931307318434605,40.42621598475072,40.54367941906786,107732800
2018-04-06,39.556983947753906,40.52018187700721,39.51469525092662,40.165443625813566,140021200
2018-04-09,39.94930648803711,40.66348244410769,39.90232184094147,39.909369358770874,116070800
2018-04-10,40.701080322265625,40.877275475175864,40.29700581814884,40.64234860462888,113634400
2018-04-11,40.510799407958984,40.858490252276525,40.336952193450024,40.46146317657793,89726400
2018-04-12,40.91016387939453,41.11220112545618,40.65174289558331,40.73866827270133,91557200
2018-04-13,41.04877471923828,41.309543712008065,40.84204149245945,41.060521780745006,100497200
2018-04-16,41.304847717285156,41.391769519895405,41.0722688045849,41.11925346586882,86313600
2018-04-17,41.87336730957031,42.03781540441986,41.44345070001389,41.46224528009664,106421600
2018-04-18,41.77938461303711,42.00961547654327,41.5538568743234,41.77233709524598,83018000
2018-04-19,40.59536361694336,41.20382334637826,40.562473998722545,40.82089140340053,139235200
2018-04-20,38.93208312988281,40.22418097949111,38.86395232674434,40.07852745991191,261964400
2018-04-23,38.81931686401367,39.21399228063409,38.549148815653716,39.192849722893605,146062000
2018-04-24,38.27897644042969,39.0753782130152,37.874902025195276,38.920325652232485,134768000
2018-04-25,38.44578552246094,38.86160713670381,38.154478462401514,38.2038111036761,113528400
2018-04-26,38.57967758178711,38.93441574273566,38.37998837722967,38.55618346900447,111852000
2018-04-27,38.133331298828125,38.605533017528785,37.736304314562105,38.52800672018398,142623200
2018-04-30,38.82401657104492,39.29387035128862,38.020567036992176,38.08869784255944,169709600
2018-05-01,39.726131439208984,39.7496219731945,38.8263611810119,39.09417764440143,214277600
2018-05-02,41.481040954589844,41.758252952550066,40.830292492766674,41.16623621077268,266157600
2018-05-03,41.556209564208984,41.69951508337644,40.980639509575454,41.31893474070514,136272800
2018-05-04,43.18659591674805,43.285264746794,41.85690931168847,41.875703886654165,224805200
2018-05-07,43.49905014038086,44.08871515844912,43.40272928542785,43.503746095720956,169805600
2018-05-08,43.70814514160156,43.748082279576245,43.149018040556854,43.459123231465554,113611200
2018-05-09,44.015899658203125,44.02529515598114,43.51315628663752,43.82560946207637,92844800
2018-05-10,44.6454963684082,44.72302265798103,44.08402134819816,44.10516748877199,111957200
2018-05-11,44.4756965637207,44.82237098712518,44.206847378072545,44.687948193562164,104848800
2018-05-14,44.37194061279297,44.69739103369072,44.303550683014535,44.574756968080656,83115200
2018-05-15,43.968666076660156,44.11724188633787,43.65265100074759,44.048848361857765,94780800
2018-05-16,44.379005432128906,44.445041913162775,43.864891761356354,43.88140178124538,76732400
2018-05-17,44.098365783691406,44.55116421714171,43.949790004496656,44.33655555797642,69176000
2018-05-18,43.93800354003906,44.29175270097355,43.895555368017746,44.14553753264784,73190800
2018-05-21,44.249298095703125,44.63606364482012,44.07949823525937,44.336555057853765,73603200
2018-05-22,44.13846969604492,44.5441024181634,44.0488520764885,44.426186012862054,60962800
2018-05-23,44.42145538330078,44.45447182320738,43.808288815295995,43.94743286781569,80233600
2018-05-24,44.37194061279297,44.534665823241845,43.914427996002615,44.5181593982014,92936000
2018-05-25,44.47333526611328,44.725674408100176,44.254008962832486,44.39079237378272,69844000
2018-05-29,44.31296920776367,44.51342847074933,44.07006178001697,44.24222226649526,90056400
2018-05-30,44.21864318847656,44.3365595703125,44.04884331075102,44.27052668436617,74762000
2018-05-31,44.0700798034668,44.39081259630158,43.89792284510298,44.152622733400314,109931200
2018-06-01,44.86482238769531,44.86953645162613,44.277597561320896,44.33419871518947,93770000
2018-06-04,45.23979949951172,45.614772730208344,45.12660078050418,45.19499069863809,105064800
2018-06-05,45.588829040527344,45.73740482688072,45.36478864422395,45.53223148269539,86264000
2018-06-06,45.7468376159668,45.7704223312926,45.261022707842756,45.66429830937113,83734400
2018-06-07,45.62420654296875,45.798720479292754,45.36007140934705,45.78457108970132,85388800
2018-06-08,45.20913314819336,45.27988368615735,44.75397771134695,45.084142090483105,106627200
2018-06-11,45.098289489746094,45.272806995892275,44.85774270920611,45.12659186279679,73234000
2018-06-12,45.345924377441406,45.42374962276294,45.07943219787274,45.13603335770362,67644400
2018-06-13,44.97329330444336,45.4874104403448,44.91197810045492,45.37892581949619,86553600
2018-06-14,44.99689483642578,45.17848708337205,44.86011139313714,45.17376942021792,86440400
2018-06-15,44.53466033935547,44.84596132945059,44.39787689811876,44.81530191719264,246876800
2018-06-18,44.511077880859375,44.62427660179374,44.147893403349705,44.308261556652305,73939600
2018-06-19,43.79178237915039,43.942715189887565,43.263515742309266,43.66207365151953,134314000
2018-06-20,43.98281478881836,44.147897020063795,43.801222535187,43.947441310166745,82514800
2018-06-21,43.7375373840332,44.419093793871994,43.614903363310304,44.15967636513542,102847600
2018-06-22,43.61018753051758,43.900260777710166,43.55830404259411,43.89318608376804,108801600
2018-06-25,42.96165466308594,43.61019477128706,42.62205490339157,43.25172795844052,126652400
2018-06-26,43.494632720947266,43.989882939520605,43.04890896364015,43.15503658085031,98276800
2018-06-27,43.43096160888672,44.166758662861064,43.400302198797014,43.683300788900816,101141200
2018-06-28,43.74697494506836,43.91441778022943,43.34605999142176,43.416810535835204,69460800
2018-06-29,43.65501403808594,44.145546742070266,43.13618254685051,43.93329504211716,90950800
2018-07-02,44.14317321777344,44.171475595281485,43.25644335717007,43.35077861799314,70925200
2018-07-03,43.374366760253906,44.32477262604797,43.28474914758595,44.28703851560642,55819200
2018-07-05,43.7234001159668,43.96159354939329,43.45926852886405,43.69038366757895,66416800
2018-07-06,44.3294792175293,44.43796025980042,43.676221537946965,43.728105027214696,69940800
2018-07-09,44.94500732421875,44.96858844083861,44.64314168271515,44.690307514477155,79026400
2018-07-10,44.890769958496094,45.11009271096756,44.8506752202268,44.97566990105466,63756400
2018-07-11,44.30827331542969,44.75635425366251,44.24459744365188,44.45448851871175,75326000
2018-07-12,45.0511474609375,45.1407650923088,44.6455146853418,44.697398198396385,72164400
2018-07-13,45.12187957763672,45.24215298223861,45.02046962595416,45.06292139132797,50055600
2018-07-16,45.02284240722656,45.43318919162573,44.90728303540629,45.16670056458525,60172400
2018-07-17,45.15018081665039,45.24923014322557,44.6195571109476,44.749265847601635,62138000
2018-07-18,44.90255355834961,45.232721563034644,44.79171187945447,45.22800390051171,65573600
2018-07-19,45.2515983581543,45.40960590073451,44.7351239556108,44.7351239556108,81147200
2018-07-20,45.147830963134766,45.381303127712265,44.84832230515157,45.228013249989196,82704800
2018-07-23,45.18791961669922,45.27046253001605,44.70446169267782,44.968593257655385,63957600
2018-07-24,45.51572036743164,45.67137084476869,45.29167997651918,45.38601163631743,74791600
2018-07-25,45.944942474365234,45.95201716965976,45.381298693402805,45.5298744916329,66839600
2018-07-26,45.80108642578125,46.21379379653587,45.65958531639916,45.89541809968751,76304000
2018-07-27,45.03934860229492,46.03220630595924,44.8318181785361,45.985040464128744,96096000
2018-07-30,44.78699493408203,45.32705030624448,44.58889630312897,45.256299767040694,84118000
2018-07-31,44.87660598754883,45.31289795197806,44.6525656268372,44.87896661776497,157492000
2018-08-01,47.520294189453125,47.58160940261683,46.53215449381962,46.96137178153096,271742800
2018-08-02,48.90935134887695,49.14282705476914,47.24909045809848,47.303330980206844,249616000
2018-08-03,49.05086135864258,49.22773594418698,48.45891877596613,48.82446030579577,133789600
2018-08-06,49.3055534362793,49.3480016028406,48.8338879490359,49.05321067331347,101701600
2018-08-07,48.84331512451172,49.40695518531018,48.76077223252612,49.36450702270394,102349600
2018-08-08,48.876338958740234,49.00840472708714,48.23251653878795,48.59334036963655,90102000
2018-08-09,49.260746002197266,49.472994037920536,48.86454511071905,49.414035850383826,93970400
2018-08-10,49.11402130126953,49.48557902120588,48.9104936737248,49.07378955771502,98444800
2018-08-13,49.43114471435547,49.92339766557186,49.15425310638555,49.53527563245895,103563600
2018-08-14,49.639404296875,49.831098200524664,49.28677981496923,49.73643570353363,82992000
2018-08-15,49.755367279052734,49.8736972019481,49.30334610691821,49.51397322522625,115230400
2018-08-16,50.484283447265625,50.600244468404085,50.04646125852407,50.11272573092973,114001600
2018-08-17,51.492454528808594,51.5800175244301,50.446418345260085,50.51268281942928,141708000
2018-08-20,50.9907341003418,51.87110544133441,50.90790170638591,51.615515974972475,121150800
2018-08-21,50.891334533691406,51.4001553976594,50.65230937590978,51.3078581970167,104639200
2018-08-22,50.89370346069336,51.203727298569135,50.60734344206001,50.66887731660461,76072400
2018-08-23,50.99784469604492,51.367033573446925,50.78721752310949,50.7990476295531,75532800
2018-08-24,51.15638732910156,51.33151328398734,50.907893796984375,51.26051822721865,73905600
2018-08-27,51.57765197753906,51.766980593315445,51.19662944732842,51.39068866042055,82100400
2018-08-28,51.99415969848633,52.19295307283816,51.80956533499646,51.830863851289415,91107200
2018-08-29,52.77041244506836,52.89111127993572,51.92553865671049,52.10066463492159,109019200
2018-08-30,53.25556182861328,54.019972076612355,52.63314531345547,52.83430761557534,195175200
2018-08-31,53.87087631225586,54.16433217972294,53.485119647726634,53.605814856654966,173360400
2018-09-04,54.04365539550781,54.23771463746213,53.63423477593814,54.05548911284316,109560400
2018-09-05,53.69102478027344,54.35367315366947,53.27213940080851,54.19274617173465,133332000
2018-09-06,52.7988166809082,53.80462109487018,52.37282820688396,53.539559593731255,137160000
2018-09-07,52.372825622558594,53.33602933601762,52.233197177478694,52.50298926252407,150479200
2018-09-10,51.66993713378906,52.50298068228619,51.229749739479225,52.28998468502147,158066000
2018-09-11,52.976314544677734,53.08281076636289,51.25106203103439,51.59421812808349,142996000
2018-09-12,52.318389892578125,53.248461282972364,52.02729570420869,53.234262271079686,197114800
2018-09-13,53.582149505615234,54.04127012385356,52.67337668396493,52.898202785670925,166825600
2018-09-14,52.97393798828125,53.683917511891266,52.661548875687,53.425959151653856,127997200
2018-09-17,51.56346130371094,52.76332514535402,51.419098617084316,52.57399649895367,148780400
2018-09-18,51.64864730834961,52.502989516991164,51.383585819005404,51.542147486225396,126286800
2018-09-19,51.67940902709961,51.97523383237658,50.952865183133554,51.71017596241406,108495200
2018-09-20,52.072269439697266,52.60475413219068,51.864007604400776,52.12196959989954,106435200
2018-09-21,51.511383056640625,52.38702376647529,51.423816457857285,52.24976062216609,384986800
2018-09-24,52.252132415771484,52.363362846345964,51.26763007640745,51.31259603061541,110773600
2018-09-25,52.58346176147461,52.73255864837729,51.994177332846085,52.0060110496253,98217600
2018-09-26,52.16456604003906,52.95264380917307,52.008369665368996,52.30182919252401,95938800
2018-09-27,53.236629486083984,53.58925394239841,52.90293825002227,52.969206326478,120724800
2018-09-28,53.42359161376953,53.44725543021233,53.016536415071876,53.198761885137,91717600
2018-10-01,53.783321380615234,54.29450757242446,53.567963640883626,53.94661727059399,94403200
2018-10-02,54.26136779785156,54.4317631714536,53.634220666637496,53.78094861179492,99152800
2018-10-03,54.92164611816406,55.252968421450255,54.3796931085446,54.44359227101489,114619200
2018-10-04,53.95608139038086,54.987918497825,53.657887663337085,54.61636079385546,128168000
2018-10-05,53.08042526245117,54.055466099710266,52.202419421573644,53.948969911318,134322000
2018-10-08,52.95738220214844,53.201141588936295,52.11250469969764,52.588193368222875,118655600
2018-10-09,53.69102478027344,53.78569089712608,52.59765731141301,52.92661439379682,107564000
2018-10-10,51.2037353515625,53.56796901762654,51.130371361429916,53.35734185418573,167962400
2018-10-11,50.751705169677734,51.946838159353845,50.247622134232415,50.76827309287209,212497600
2018-10-12,52.564517974853516,52.74674706543594,51.31731958871107,52.16456226162704,161351600
2018-10-15,51.44038009643555,52.49824981109706,51.41908157869824,52.33968816048203,123164000
2018-10-16,52.57398223876953,52.772779249697095,51.298385840102064,51.811937261784536,116736000
2018-10-17,52.346797943115234,52.68995403710675,51.908975733135755,52.609490546874305,91541600
2018-10-18,51.12326431274414,52.00363928676678,50.408550519609015,51.55871759140356,130325200
2018-10-19,51.90187072753906,52.363356709270114,51.456949057386716,51.606045917308556,132314800
2018-10-22,52.218994140625,52.8603439191293,51.81430782182485,52.015466526416446,115168400
2018-10-23,52.71124267578125,52.834306797919794,50.810864538749705,51.078291300952,155071200
2018-10-24,50.90317153930664,53.066242647781394,50.77300788610359,52.68048950792541,163702000
2018-10-25,52.01783752441406,52.3917605334903,51.2960242350942,51.52321928773726,119423200
2018-10-26,51.18952560424805,52.110132264199265,50.33044920447651,51.09485949880697,189033600
2018-10-29,50.22867965698242,51.99179452917274,48.77321965060917,51.873464623507054,183742000
2018-10-30,50.47954177856445,50.924459797370716,49.525802965453806,49.970720984260076,146640000
2018-10-31,51.795372009277344,52.17166028299006,51.26525267501024,51.326786543689,153435600
2018-11-01,52.590553283691406,52.623685518956215,51.310222601060566,51.840341976440314,233292800
2018-11-02,49.10219192504883,50.562382982053656,48.61703843860605,49.59207962031137,365314800
2018-11-05,47.70825958251953,48.37090790263362,46.898883307010784,48.349609382233005,264654800
2018-11-06,48.224178314208984,48.449004447935366,47.731925396254766,47.78635615026074,127531600
2018-11-07,49.68674087524414,49.712773606380615,48.30938225721915,48.74483556791726,133697600
2018-11-08,49.51337432861328,49.90047339465784,49.100148077728555,49.86722555541948,101450400
2018-11-09,48.55868911743164,48.924415408710615,48.031470706550515,48.815174043569215,137463200
2018-11-12,46.11258316040039,47.461503388574435,46.02233746371556,47.2596391587509,204542000
2018-11-13,45.65187072753906,46.827424105291605,45.46663218916564,45.50938149542158,187531600
2018-11-14,44.362308502197266,46.186196076134955,44.15569357677625,46.04845400043511,243204000
2018-11-15,45.45711898803711,45.59011034254825,44.38605662645267,44.73991147050331,185915200
2018-11-16,45.9605827331543,46.30256253867102,44.994018333700204,45.241001735605465,147713200
2018-11-19,44.13908386230469,45.28851355965671,43.93247250261875,45.122274326360916,167701200
2018-11-20,42.030208587646484,43.09652044205455,41.68110439834949,42.36031349042638,271300800
2018-11-21,41.98271179199219,42.811537992827844,41.92809110860415,42.683293715968375,124496800
2018-11-23,40.91638946533203,41.939955371122814,40.871270248544576,41.545728433984664,94496000
2018-11-26,41.469730377197266,41.548101052609525,40.43429311450375,41.37948832190566,179994000
2018-11-27,41.3795051574707,41.50537227483732,40.58155314758855,40.73116665811759,165549600
2018-11-28,42.970638275146484,43.05375604780833,41.54334772477524,41.97082246218877,184250000
2018-11-29,42.640533447265625,43.41236152494973,42.201183707394755,43.379113691168406,167080000
2018-11-30,42.410179138183594,42.82577894068575,42.04207573121886,42.81627748733265,158126000
2018-12-03,43.89208984375,43.92058695583574,43.034766692325256,43.80659488375015,163210000
2018-12-04,41.96133041381836,43.31499758229476,41.86158689864037,42.97301774526017,165377200
2018-12-06,41.49348831176758,41.50773686933884,40.4722994088251,40.790529273726726,172393600
2018-12-07,40.01395797729492,41.43887185964096,39.96883512455502,41.20138621258329,169126400
2018-12-10,40.27755355834961,40.3939191668276,38.788518040620986,39.185118502126784,248104000
2018-12-11,40.04719924926758,40.79765101673973,39.6600965485078,40.766780351835095,189126800
2018-12-12,40.15880584716797,40.82851317867936,40.13980656931592,40.467534146973954,142510800
2018-12-13,40.598167419433594,40.98289660129505,40.265688989423055,40.48892605974861,127594400
2018-12-14,39.299110412597656,40.1540598989454,39.2516140241877,40.13506061883299,162814800
2018-12-17,38.93339538574219,39.9807079005193,38.64603617439149,39.29199738823974,177151600
2018-12-18,39.43922424316406,39.78595109238684,39.040246662989354,39.27535864543561,135366000
2018-12-19,38.209049224853516,39.76695382167182,37.78157451871634,39.42260050585698,196189200
2018-12-20,37.24486541748047,38.498789039513056,36.88151275562685,38.09268708722474,259092000
2018-12-21,35.796199798583984,37.56071950978802,35.53496783964715,37.25198753673331,382978400
2018-12-24,34.870025634765625,35.99095842445134,34.81302776243198,35.1835048732402,148676800
2018-12-26,37.32560729980469,37.33985585447229,34.843883771660536,35.219111414123994,234330000
2018-12-27,37.083370208740234,37.23061372589875,35.63946113582049,37.00975026203208,212468400
2018-12-28,37.10238265991211,37.64622683613763,36.703408501125146,37.40399045473498,169165600
2018-12-31,37.46097183227539,37.845697262350356,37.16173772111318,37.648583821681534,140014000
2019-01-02,37.50372314453125,37.72458662290483,36.62740075617171,36.78414211195393,148158800
2019-01-03,33.76808166503906,34.6064056330403,33.72295881640133,34.19317934017915,365248800
2019-01-04,35.209625244140625,35.27849811991715,34.15044115171083,34.323804681650046,234428400
2019-01-07,35.13124465942383,35.34498388334802,34.64914915949289,35.31410959435231,219111200
2019-01-08,35.80095672607422,36.055068075400506,35.27136481535477,35.51834826233486,164101200
2019-01-09,36.40891647338867,36.69864919303754,35.534971211573676,35.929194550467045,180396400
2019-01-10,36.5252799987793,36.565652109291655,35.82707186978907,36.216548044796546,143122800
2019-01-11,36.16667938232422,36.50153493832651,35.98144090958733,36.306798636311406,108092800
2019-01-14,35.622840881347656,35.924448615457706,35.43760239866407,35.824705095839064,129756800
2019-01-15,36.35192108154297,36.42791458616587,35.634713583499995,35.68696070331559,114843600
2019-01-16,36.796024322509766,37.01926139590715,36.33530161762464,36.35430090299284,122278800
2019-01-17,37.01449966430664,37.44197439864599,36.3970357565118,36.62027276354135,119284800
2019-01-18,37.24250030517578,37.494234507163135,37.04300961084738,37.40398880315132,135004000
2019-01-22,36.40654373168945,37.22111761208294,36.24505163700586,37.14512410332922,121576000
2019-01-23,36.55379104614258,36.84352383088879,36.02657260988264,36.608411731342564,92522400
2019-01-24,36.26405715942383,36.68678131637326,36.03607297019486,36.59891278758119,101766000
2019-01-25,37.465728759765625,37.553600900151864,36.64878130027886,36.924261855530716,134142000
2019-01-28,37.11899948120117,37.12612375920128,36.49203765099391,36.99787950771421,104768400
2019-01-29,36.73426818847656,37.55359634769264,36.598903290698956,37.107122292669665,166348800
2019-01-30,39.2444953918457,39.45823098230422,38.05231666544547,38.7695241919444,244439200
2019-01-31,39.527095794677734,40.13505822707616,39.08062179799805,39.44872512778767,162958400
2019-02-01,39.54610061645508,40.13031312607623,39.405981367304726,39.65059485362112,130672400
2019-02-04,40.669403076171875,40.7667730276874,39.72658509160154,39.75745937470211,125982000
2019-02-05,41.36524963378906,41.57898889745914,40.93065407418794,41.051770453647194,144406400
2019-02-06,41.3795051574707,41.6953615388557,41.04940021543949,41.47687152980109,112958400
2019-02-07,40.59578323364258,41.30823993167424,40.453290444539384,40.942510130722376,126966800
2019-02-08,40.643497467041016,40.70312351098446,40.16887284710859,40.30482197415641,95280000
2019-02-11,40.409759521484375,40.83430028954994,40.36683051801173,40.79613874916217,83973600
2019-02-12,40.757965087890625,40.784200684194495,40.474144629498845,40.569548452096434,89134000
2019-02-13,40.58863067626953,41.13719089744632,40.52662091325393,40.87722227186637,89960800
2019-02-14,40.73651123046875,40.84622110600096,40.39783576019398,40.47654256965909,87342800
2019-02-15,40.6458854675293,40.95117055343982,40.48608808969217,40.84384439092656,98507200
2019-02-19,40.76751708984375,40.88915654884462,40.4240741331249,40.47654534303019,75891200
2019-02-20,41.02986526489258,41.33753763113266,40.78182257054154,40.82952266876856,104457600
2019-02-21,40.798519134521484,41.1109589873407,40.617257291473365,40.97501351487574,68998800
2019-02-22,41.254058837890625,41.26121367050578,40.87483815215059,40.92253824934637,75652800
2019-02-25,41.55458068847656,41.94572738329007,41.48779981174876,41.53788728893703,87493600
2019-02-26,41.57843017578125,41.809779499488094,41.30176447990518,41.430558762837144,68280800
2019-02-27,41.707210540771484,41.738217238147755,41.19681191554491,41.311296503110974,111341600
2019-02-28,41.296993255615234,41.71676290033313,41.24213831860219,41.57604632138093,112861600
2019-03-01,41.7310676574707,41.773996653747055,41.234978633444705,41.56649922650965,103544800
2019-03-04,41.94095230102539,42.39410868782575,41.4925633764932,41.902790767174956,109744800
2019-03-05,41.86463165283203,41.97672889044358,41.62851124268091,41.9624192242437,78949600
2019-03-06,41.623741149902344,41.855090443606244,41.485408319904245,41.65951531314144,83241600
2019-03-07,41.14196014404297,41.60465871287591,41.0274791869895,41.46870961945666,99185600
2019-03-08,41.2397575378418,41.277919079052865,40.4264574322947,40.62203260153776,95997600
2019-03-11,42.66838455200195,42.7208557482408,41.821697858468866,41.855088288867776,128044000
2019-03-12,43.14778518676758,43.5675511663907,42.780486770223504,42.930745544199205,129870400
2019-03-13,43.338584899902344,43.71780557424151,43.15016460861008,43.46737552238741,124130000
2019-03-14,43.82036590576172,43.908614914858006,43.54131649050845,43.8609111740343,94318000
2019-03-15,44.39038848876953,44.67898009371108,43.82275112158004,44.08749085728255,156171600
2019-03-18,44.843544006347656,44.931789362919865,44.311677218092875,44.31406458834656,104879200
2019-03-19,44.48817825317383,45.07490005613711,44.34269057791804,44.92225754761337,126585600
2019-03-20,44.87693405151367,45.19414495340022,44.05886306469387,44.41661922842223,124140800
2019-03-21,46.52976608276367,46.82551249017216,45.27046466941773,45.320552133949356,204136800
2019-03-22,45.56621551513672,47.14988281885893,45.501818379976086,46.58939664841029,169630800
2019-03-25,45.0152702331543,45.78802127537282,44.50487154702467,45.67592404455743,175381200
2019-03-26,44.55017852783203,46.00267123954299,44.023086513229856,45.71169595103682,199202000
2019-03-27,44.95087814331055,45.258546900327964,44.4929506048766,45.017659015210214,119393600
2019-03-28,45.010498046875,45.21084063526759,44.72667756034346,45.065352975754955,83121600
2019-03-29,45.30385971069336,45.33486641281112,44.96756800695002,45.2752403790673,94256000
2019-04-01,45.611534118652344,45.71647288572653,44.929412116605654,45.706934321186864,111448000
2019-04-02,46.27457809448242,46.37952050705975,45.56622044887009,45.575759013975,91062800
2019-04-03,46.59178161621094,46.86605990037226,46.06706963719681,46.09092150507348,93087200
2019-04-04,46.672874450683594,46.835055514550795,46.06468818261306,46.45821854703762,76457200
2019-04-05,46.985313415527344,47.009165284142306,46.7301122506272,46.85413541671345,74106400
2019-04-08,47.72468185424805,47.75568491902388,46.82790392141536,46.846984690122916,103526800
2019-04-09,47.581573486328125,48.380563770007704,47.51717635283578,47.77714861794036,143072800
2019-04-10,47.84869384765625,47.87731681584689,47.26674323132718,47.38599528748367,86781200
2019-04-11,47.45039367675781,47.93932784783885,47.328757886390626,47.90355368575557,83603200
2019-04-12,47.43131637573242,47.73421764754132,46.796898139641456,47.51002317734974,111042800
2019-04-15,47.51717758178711,47.66505261953051,47.22620224726255,47.362151350453125,70146400
2019-04-16,47.521942138671875,48.02756966837451,47.35737372664653,47.57202960118193,102785600
2019-04-17,48.44734191894531,48.50696794754076,47.36930230294008,47.59110938245884,115627200
2019-04-18,48.6214485168457,48.69061310818153,48.30185387954341,48.44495416346428,96783200
2019-04-22,48.78125,48.87903756789539,48.25892536678017,48.375793702017404,77758000
2019-04-23,49.484832763671875,49.54922989372461,48.63098759521515,48.75739448502875,93292000
2019-04-24,49.40851593017578,49.72333948607253,49.38228033057737,49.45621602782266,70162400
2019-04-25,48.96012496948242,49.55161416212724,48.92196343723849,49.32980707961694,74172800
2019-04-26,48.72639846801758,48.893350644801465,48.20645752970833,48.869498774138975,74596400
2019-04-29,48.800315856933594,49.124681524070105,48.621437811952795,48.750228403054386,88818800
2019-04-30,47.860633850097656,48.51174924911249,47.48856790780347,48.43065870051709,186139600
2019-05-01,50.20988845825195,51.352321593970665,49.9022161048594,50.05724596672888,259309200
2019-05-02,49.883140563964844,50.71790507301995,49.63986895589644,50.04770900660693,127985200
2019-05-03,50.50324630737305,50.52471080427624,50.140719033888494,50.29813262307989,83569600
2019-05-06,49.72334671020508,49.809208354157676,48.53559700159812,48.72401368842716,129772400
2019-05-07,48.38294982910156,49.47052812168986,47.898786717614094,49.103233348565844,155054800
2019-05-08,48.392486572265625,48.97443723236416,48.11820827819037,48.153982442014374,105358000
2019-05-09,47.8725471496582,48.10150906634315,46.90422100692585,47.79622408457386,139634400
2019-05-10,47.209346771240234,47.60918573031847,46.1534958760035,47.26680951074046,164834800
2019-05-13,44.465572357177734,45.36580015551606,43.778430559260165,44.942024719152,229722400
2019-05-14,45.16947555541992,45.41847349035006,44.39135198547642,44.63077462238211,146118800
2019-05-15,45.7105598449707,45.90928103046059,44.53739063067478,44.59724627738985,106178800
2019-05-16,45.50944519042969,46.08166501987308,45.21255987117796,45.468743789558665,132125600
2019-05-17,45.2508659362793,45.7057673600336,44.71455806184704,44.75525946053676,131516400
2019-05-20,43.83587646484375,44.13755123427518,43.16309964301399,43.93883006731114,154449200
2019-05-21,44.67626953125,45.01145979178377,44.22136428818292,44.34586509350968,113459200
2019-05-22,43.76167297363281,44.4631832586703,43.70660678542231,44.211788738048675,118994400
2019-05-23,43.01466369628906,43.22535309271578,42.57173044037936,43.04818271299096,146118800
2019-05-24,42.849456787109375,43.608425880415304,42.765657427968044,43.1439455193887,94858800
2019-05-28,42.67228317260742,43.23732057790703,42.595669850740556,42.837485328671484,111792800
2019-05-29,42.468780517578125,42.94044331585505,42.138376171721504,42.23893322191725,113924800
2019-05-30,42.68904495239258,42.91170618886097,42.29878499432178,42.60524559159138,84873600
2019-05-31,41.91571807861328,42.61483166128946,41.89656383142089,42.19344552965514,108174400
2019-06-03,41.491943359375,42.5980747635717,40.76649306788243,42.042616150312135,161584400
2019-06-04,43.00986862182617,43.05535949284863,41.78402628112911,42.004294598391965,123872000
2019-06-05,43.70420455932617,44.2907929158903,43.36901434411754,44.12080124391348,119093600
2019-06-06,44.345855712890625,44.4057113648459,43.61082655329625,43.8334914782854,90105200
2019-06-07,45.526214599609375,45.94999370524611,44.477545896123075,44.65471631575565,122737600
2019-06-10,46.108001708984375,46.77598911152849,45.878154420674264,45.923645296205336,104883600
2019-06-11,46.641910552978516,46.92682399749105,46.3522112874126,46.65388241220901,107731600
2019-06-12,46.493473052978516,46.91964496831461,46.3019342514873,46.43601031654152,73012800
2019-06-13,46.48389434814453,47.11596983908178,46.35221484639415,46.615577503193705,86698400
2019-06-14,46.14631652832031,46.34982356084615,45.56212475815353,45.86140302948494,75046000
2019-06-17,46.4216423034668,46.67782620889428,46.009835187677666,46.1846126421805,58676400
2019-06-18,47.51341247558594,47.95394916644094,46.73768561849317,46.93879971823583,106204000
2019-06-19,47.374549865722656,47.85579164174734,47.240473790931375,47.8079041979227,84496800
2019-06-20,47.75523376464844,48.03056829541135,47.41285754434342,47.97310555578911,86056000
2019-06-21,47.5924186706543,48.08802514932684,47.44158128091943,47.59720814502802,191202400
2019-06-24,47.544551849365234,47.92284008728449,47.44638768282357,47.534972897200284,72881600
2019-06-25,46.823875427246094,47.70734167307266,46.75683374423649,47.50862049453703,84281200
2019-06-26,47.83663558959961,48.12154906442843,47.25005095787499,47.350608010173595,104270000
2019-06-27,47.82227325439453,48.26041706742118,47.78157184924549,47.953952766753574,83598800
2019-06-28,47.38651657104492,47.764804685647896,47.17822009560668,47.568476416564636,124442400
2019-07-01,48.25563049316406,48.95953359072476,48.04014794005199,48.64349397414677,109012000
2019-07-02,48.53815460205078,48.63392585756341,48.21014672850714,48.2221185921087,67740800
2019-07-03,48.94036865234375,48.94755103721536,48.52856153764481,48.66981997785124,45448000
2019-07-05,48.89727020263672,49.10078084743417,48.57883774773992,48.686580826337675,69062000
2019-07-08,47.88930892944336,48.219709629436664,47.50383840170208,48.07845117383741,101354400
2019-07-09,48.18140411376953,48.24604558375023,47.59960531085121,47.69297997634442,82312000
2019-07-10,48.65786361694336,48.77757494066493,48.2580282341093,48.32746284771562,71588400
2019-07-11,48.30351638793945,48.93559199528535,48.293941090035496,48.67701511228483,80767200
2019-07-12,48.674617767333984,48.84221286513295,48.41125143272195,48.47110708574294,70380800
2019-07-15,49.13191223144531,49.28992836732956,48.84220928460961,48.86375644132579,67789600
2019-07-16,48.96192932128906,49.34739991342239,48.72250668402115,48.98347648185129,67467200
2019-07-17,48.686580657958984,49.103173588115254,48.66742641412559,48.85417572487808,56430000
2019-07-18,49.239654541015625,49.29232780714967,48.770384620902945,48.84221213411293,74162400
2019-07-19,48.5046272277832,49.440770539487346,48.449561048653315,49.2707788735222,83717200
2019-07-22,49.613155364990234,49.61554827599075,48.74883956490333,48.758414862204624,89111600
2019-07-23,50.001014709472656,50.017776044989866,49.62990895028045,49.91003660607573,73420800
2019-07-24,49.9603157043457,50.07523753448428,49.60118178852593,49.720893093799184,59966400
2019-07-25,49.565269470214844,50.09678795373076,49.49583486785246,50.0129885793759,55638400
2019-07-26,49.737648010253906,50.21409660563263,49.59399300114856,49.67539580143556,70475600
2019-07-29,50.202125549316406,50.4319728369032,49.90524388391939,49.910033358512514,86693600
2019-07-30,49.98665237426758,50.317056746119604,49.63470084424237,49.98186289912939,135742800
2019-07-31,51.006591796875,53.00098259885539,50.58999878893159,51.81584139677293,277125600
2019-08-01,49.90285873413086,52.2013175225248,49.49823754428213,51.2125008575506,216071600
2019-08-02,48.847007751464844,49.424013533999364,48.27478779132679,49.20853462057314,163448400
2019-08-05,46.28996658325195,47.56130005899529,46.108006714672,47.40328391275704,209572000
2019-08-06,47.16625213623047,47.422436071467594,46.45755963373709,47.00104995792599,143299200
2019-08-07,47.6546745300293,47.77917530974308,46.4048918709798,46.7855729428345,133457600
2019-08-08,48.705726623535156,48.72967033937788,47.738461148237676,47.93239282535018,108038000
2019-08-09,48.304378509521484,48.72976393634565,47.895810765479915,48.37888091759197,98478800
2019-08-12,48.18180847167969,48.55913186457045,47.862166138995526,47.975122589913205,89927600
2019-08-13,50.22223663330078,50.98408951762822,48.181814264515985,48.31159574878954,188874000
2019-08-14,48.72737503051758,49.6142018262065,48.688920981443054,48.82591215607856,146189600
2019-08-15,48.484642028808594,49.30177042418164,47.98715238184237,48.89801389955404,108909600
2019-08-16,49.628623962402344,49.78724417334973,48.989339112593925,49.09508591989218,110481600
2019-08-19,50.553897857666016,51.125886205011135,50.476989765853084,50.61878493455606,97654400
2019-08-20,50.55630111694336,51.27489599056535,50.546689438817666,50.68127493565582,107537200
2019-08-21,51.104248046875,51.346982292320256,50.854304127508136,51.1883657988658,86141600
2019-08-22,51.06100082397461,51.536857739537524,50.65003098745678,51.236442371877644,89014800
2019-08-23,48.7009391784668,50.96246709693238,48.30679433653748,50.33279395070405,187272000
2019-08-26,49.626216888427734,49.79444876140259,49.282539799826424,49.47480636916046,104174400
2019-08-27,49.06623077392578,50.12128915600917,48.914820289921586,49.95545932441961,103493200
2019-08-28,49.3954963684082,49.44116009127208,48.86436404932155,49.051822946314466,63755200
2019-08-29,50.23185348510742,50.30635957969884,49.66707477161969,50.109285330383344,83962000
2019-08-30,50.16695785522461,50.577923970977196,49.79684411690572,50.508229228326634,84573600
2019-09-03,49.43634796142578,49.74397297835489,49.08065722319765,49.611789494397975,80092000
2019-09-04,50.275115966796875,50.344810722376806,49.82569572550079,50.08284938745984,76752400
2019-09-05,51.25807189941406,51.42390177073253,50.83268270783798,50.950446853296846,95654800
2019-09-06,51.25325012207031,51.532036389387336,51.07300094931551,51.44311463765885,77449200
2019-09-09,51.47195816040039,52.017513401260366,50.72693037676321,51.6329803297721,109237600
2019-09-10,52.08000564575195,52.09923266869462,50.88074988553813,51.39746283359591,127111600
2019-09-11,53.735897064208984,53.764739433347756,52.32754966606249,52.40926543357923,177158400
2019-09-12,53.6157341003418,54.41604113184608,53.560458695911414,54.02670396356076,128906800
2019-09-13,52.572689056396484,53.06296532020904,52.15691521661223,52.87310442243304,159053200
2019-09-16,52.84907150268555,52.90435057226379,52.28669479868519,52.32755084977788,84632400
2019-09-17,53.04133987426758,53.070182245036186,52.661614385904336,52.86349631256455,73274800
2019-09-18,53.53882598876953,53.558053012289186,52.738519012265336,53.12785615379395,101360000
2019-09-19,53.10382080078125,53.77674823327691,52.962021972267294,53.356166754377384,88242400
2019-09-20,52.327552795410156,53.48835829201576,52.26506771503566,53.204767926646866,221652400
2019-09-23,52.56547927856445,52.83465027251121,52.30832196549194,52.620754678997145,76662000
2019-09-24,52.315528869628906,53.471530215080406,52.19776839960509,53.12064347326149,124763200
2019-09-25,53.12063980102539,53.2335962580172,52.1857474445808,52.52461681555622,87613600
2019-09-26,52.8466682434082,53.09901788679732,52.591916597251874,52.87310494256668,75334000
2019-09-27,52.58951950073242,53.103830513741045,52.219405677984646,53.002887713224276,101408000
2019-09-30,53.82722091674805,53.973823753885995,53.06296236123528,53.08939905865949,103909600
2019-10-01,53.976226806640625,54.84863417143314,53.882497362527516,54.09158894337955,139223200
2019-10-02,52.623165130615234,53.73349924871789,52.37561947318438,53.60852541852388,138449200
2019-10-03,53.07018280029297,53.10382917722504,51.70269136073253,52.49578505515693,114426000
2019-10-04,54.5578498840332,54.673212061771984,53.808014064635806,54.228595711291824,138478800
2019-10-07,54.5698356628418,55.259587990781746,54.276630048299076,54.3799748143324,122306000
2019-10-08,53.93056869506836,54.81018582649594,53.913747340365,54.27184380110814,111820000
2019-10-09,54.5626335144043,54.74528471456468,54.22857181467111,54.5626335144043,74770400
2019-10-10,55.29804992675781,55.3821676863081,54.62752452153625,54.7789313546757,113013600
2019-10-11,56.768882751464844,57.112556110931,55.831584770124245,55.98539726442713,166795600
2019-10-14,56.68716812133789,57.23032136758356,56.39877014720684,56.454045539346986,96427600
2019-10-15,56.55499267578125,57.114963649042345,56.44924588810258,56.812146302927566,87360000
2019-10-16,56.32667541503906,56.53576699278494,56.04548708687691,56.08634313450599,73903200
2019-10-17,56.545387268066406,56.75447521042415,56.122403710198995,56.49972354107331,67585200
2019-10-18,56.816959381103516,57.09814772935947,56.30745241628178,56.37955283902993,97433600
2019-10-21,57.80231857299805,57.91768071421455,57.03566163738293,57.083727362633255,87247200
2019-10-22,57.67013168334961,58.20847360771811,57.588415926532825,57.9585296667155,82293600
2019-10-23,58.44401168823242,58.458434707831906,57.97296239569402,58.18445601032442,75828800
2019-10-24,58.540138244628906,58.8333439248231,58.11474907464559,58.763645508761726,69275200
2019-10-25,59.261146545410156,59.29719492814384,58.37191765523608,58.439210414459176,73477200
2019-10-28,59.854759216308594,59.90282494220439,59.29478452503203,59.46301639925722,96572800
2019-10-29,58.47043991088867,60.02298808307294,58.29740403976976,59.835529194446124,142839600
2019-10-30,58.463233947753906,58.95351389312253,57.97055566675113,58.82373239756854,124522000
2019-10-31,59.7850456237793,59.88358272052478,57.02122491363465,59.419743265937676,139162000
2019-11-01,61.48180389404297,61.50823692360431,59.88119007430968,59.972513844449246,151125200
2019-11-04,61.88557052612305,61.969688302448056,61.376067196648314,61.844710805841714,103272000
2019-11-05,61.79663848876953,62.0513901112309,61.60196993451809,61.777407799701365,79897600
2019-11-06,61.82306671142578,61.883149774964124,61.37364656965626,61.71011025859934,75864400
2019-11-07,62.53658676147461,62.758359498511744,62.21839397387371,62.370259047791336,94940400
2019-11-08,62.7077522277832,62.7800654404132,61.91468299950218,62.35822120185219,69986400
2019-11-11,63.20431137084961,63.26939325068321,62.25937720712118,62.26419563498271,81821200
2019-11-12,63.146453857421875,63.34653263881731,62.89576319221143,63.04762091279184,87388800
2019-11-13,63.75151062011719,63.82623672348499,62.93192901918101,62.94639166135674,102734400
2019-11-14,63.31038284301758,63.85034108012296,63.18021171215137,63.577949069175574,89182800
2019-11-15,64.06246185302734,64.06728028085237,63.39956388635737,63.5610658168469,100206400
2019-11-18,64.38549041748047,64.46503495810572,63.69366698470871,64.07211597134203,86703200
2019-11-19,64.19022369384766,64.60242366565966,63.97327672744023,64.5783168124191,76167200
2019-11-20,63.442955017089844,64.13959672655233,62.77041280435066,64.00943296128311,106234400
2019-11-21,63.158531188964844,63.64063896221719,62.958452343491864,63.563499952965415,121395200
2019-11-22,63.10305404663086,63.44052784496061,62.87646291995723,63.29830700696368,65325200
2019-11-25,64.20951080322266,64.22638633771652,63.281452038993585,63.327252857545794,84020400
2019-11-26,63.70812225341797,64.39994560610221,63.276633814477755,64.34691346636443,105207600
2019-11-27,64.5638656616211,64.59761673344,63.953999683634294,64.01908157822496,65235600
2019-11-29,64.42162322998047,64.60241356645375,64.09619915305304,64.26493974297915,46617600
2019-12-02,63.67676544189453,64.6626744888947,63.505619323163444,64.42643914349124,94487200
2019-12-03,62.541412353515625,62.560693421017824,61.779681450558876,62.266607486055904,114430400
2019-12-04,63.093441009521484,63.47189737152567,62.83792448194202,62.931939027415204,67181600
2019-12-05,64.01908111572266,64.09381458044176,63.33208349753309,63.58760000147574,74424400
2019-12-06,65.25568389892578,65.32559157331079,64.43368941001637,64.4770846926847,106075600
2019-12-09,64.34207916259766,65.27736166371423,63.85755870346598,65.08452157936348,128042400
2019-12-10,64.71812438964844,65.10139903418028,64.08655727851827,64.74704966751833,90420400
2019-12-11,65.2701187133789,65.34967056737132,64.72292937034965,64.79765544144777,78756800
2019-12-12,65.43648529052734,65.70164603420217,64.4385260360903,64.54940876294314,137310400
2019-12-13,66.32596588134766,66.36212248785799,65.3087183320386,65.43647657929492,133587600
2019-12-16,67.46131896972656,67.68550461462198,66.76709014300219,66.77190857113695,128186000
2019-12-17,67.5938949584961,67.92172458582058,67.20579452656094,67.39141065519956,114158400
2019-12-18,67.43238830566406,67.95306540143068,67.28293612524905,67.44685094529272,116028400
2019-12-19,67.49989318847656,67.77951652381924,67.24197117220628,67.37454784079026,98369200
2019-12-20,67.36007690429688,68.13385757058333,67.14794837558046,68.03261909048223,275978000
2019-12-23,68.45928955078125,68.51955300989285,67.58426294746009,67.62283244405702,98572000
2019-12-24,68.52435302734375,68.67381254514265,68.19893632067681,68.62559884825562,48478800
2019-12-26,69.8839111328125,69.90078666508992,68.628022839031,68.6569481192903,93121200
2019-12-27,69.85740661621094,70.86260446261116,69.45243789154644,70.17559948118166,146266000
2019-12-30,70.27200317382812,70.55403936484663,68.75336713216096,69.77543291987965,144114400
2019-12-31,70.78544616699219,70.79267748666231,69.78989280626304,69.88872574600676,100805600
2020-01-02,72.40052795410156,72.46079141879511,71.15668916006118,71.4097927692221,135480400
2020-01-03,71.69661712646484,72.4559349891833,71.47243889814949,71.62912236880935,146322800
2020-01-06,72.26792907714844,72.30649856939735,70.5685026643333,70.81920068576198,118387200
2020-01-07,71.92804718017578,72.53308721808551,71.70868733859578,72.27757077764687,108872000
2020-01-08,73.08512878417969,73.38644614373833,71.631574135924,71.631574135924,132079200
2020-01-09,74.63749694824219,74.83033706552648,73.81068409472688,74.06137477592067,170108400
2020-01-10,74.80622100830078,75.37029336253585,74.30483235122053,74.87131024106992,140644800
2020-01-13,76.40438842773438,76.43090816342861,75.0038668407886,75.1219881711748,121532000
2020-01-14,75.37271118164062,76.5514679630278,75.24977872842311,76.34175230410106,161954400
2020-01-15,75.04969787597656,76.05248268254357,74.61820946436237,75.17263768221467,121923600
2020-01-16,75.98982238769531,76.10071246852102,75.23050414086309,75.59208495900991,108829200
2020-01-17,76.83110046386719,76.83350600016065,75.9319669058597,76.23810266381822,137816400
2020-01-21,76.3104248046875,76.90100236781842,76.1730223343127,76.45987702591754,110843200
2020-01-22,76.58281707763672,77.1348251407198,76.48880253772091,76.79493830286927,101832400
2020-01-23,76.9516372680664,77.03118181631818,76.08866020754519,76.63585725528034,104472000
2020-01-24,76.72985076904297,77.93993845348767,76.53941616685312,77.19749582877215,146537600
2020-01-27,74.47357940673828,75.15334557711078,73.49248860994267,74.74114561147599,161940000
2020-01-28,76.58037567138672,76.75152179476333,75.25457988632637,75.35341281852345,162234000
2020-01-29,78.18341064453125,79.02951207503841,77.46989325521864,78.20993039532226,216229200
2020-01-30,78.07010650634766,78.1231386457578,76.83591201430718,77.26740045058162,126743200
2020-01-31,74.60856628417969,77.78324080814086,74.31448034488959,77.36139664518089,199588400
2020-02-03,74.40367889404297,75.56796570063159,72.85129158100523,73.35268032975995,173788400
2020-02-04,76.8600082397461,77.05044280806926,75.60170706629567,76.00667569866678,136616400
2020-02-05,77.48674011230469,78.28462753135985,76.88410566550306,77.98571584340952,118826800
2020-02-06,78.39312744140625,78.39554033416145,77.19991519206019,77.75674904636442,105425600
2020-02-07,77.3275375366211,78.14181565091206,76.83703724788526,77.89294126547146,117684000
2020-02-10,77.69482421875,77.69482421875,75.83430875751218,75.91404207954616,109348800
2020-02-11,77.22608184814453,78.2626594464788,77.00861992424286,78.19017459645835,94323200
2020-02-12,79.05999755859375,79.06482742202022,77.67547849475221,77.67547849475221,113730400
2020-02-13,78.49700927734375,78.82320573508036,78.12974054369347,78.3327054260137,94747600
2020-02-14,78.51634979248047,78.76522420824622,78.00893385896474,78.4656030374421,80113600
2020-02-18,77.07867431640625,77.25989377012822,76.0179329078446,76.19915236156656,152531200
2020-02-19,78.19498443603516,78.42453202537972,77.32029972520789,77.32029972520789,93984000
2020-02-20,77.39276885986328,78.44384294584167,76.88777163956716,77.95576130740083,100566000
2020-02-21,75.64097595214844,77.42901329626612,75.0248329307541,76.98683382307465,129554000
2020-02-24,72.04801177978516,73.49776723386336,69.88546431842104,71.8257200728422,222195200
2020-02-25,69.60758209228516,73.0990790994302,69.13641603822464,72.71731344350151,230673600
2020-02-26,70.71183776855469,71.97554423056066,69.22583954625632,69.23308803031283,198054800
2020-02-27,66.08951568603516,69.10500967174747,65.95420576749399,67.92104419759342,320605600
2020-02-28,66.05084991455078,67.27106508637516,61.94562839291094,62.160678974985316,426510000
2020-03-02,72.20024108886719,72.83571844288954,67.10435128397388,68.20616489725688,341397200
2020-03-03,69.90721893310547,73.45428597286327,69.05669090258408,73.37455265692115,319475600
2020-03-04,73.14984130859375,73.30931532822694,70.82781935536424,71.62760069893737,219178400
2020-03-05,70.7770767211914,72.37905058025478,70.41221917601806,71.40529829391956,187572800
2020-03-06,69.83714294433594,70.26965542799252,67.95246362121284,68.13851293457299,226176800
2020-03-09,64.31356811523438,67.19374467213605,63.54761077884886,63.72883020122201,286744800
2020-03-10,68.94552612304688,69.21131605967966,65.0867606135554,66.96419837707879,285290000
2020-03-11,66.55101776123047,67.95003374263217,65.68841155580724,67.0246098194062,255598800
2020-03-12,59.97879409790039,65.23899079548863,59.923221175115486,61.84173134619349,418474000
2020-03-13,67.1647720336914,67.63594563074507,61.11928915474014,64.00430755021486,370732000
2020-03-16,58.524208068847656,62.60043194062402,57.99021323308223,58.46138297821733,322423600
2020-03-17,61.0975227355957,62.245242026979696,57.60361074150865,59.80482274842446,324056000
2020-03-18,59.60186004638672,60.40647473225053,57.29433197423103,57.934642818544056,300233600
2020-03-19,59.14518737792969,61.09269153777121,58.62085961850456,59.77583112302971,271857200
2020-03-20,55.39031982421875,60.84864774255849,55.09070239617697,59.72508515259065,401693200
2020-03-23,54.21360397338867,55.21152015646839,51.372084613414366,55.1100377172106,336752800
2020-03-24,59.65260314941406,59.8483195377774,56.612948896316425,57.11069765855371,287531200
2020-03-25,59.323997497558594,62.399894457247456,59.029213577289134,60.58770003932158,303602000
2020-03-26,62.44581604003906,62.503803912990676,59.52697389107104,59.56563493098524,252087200
2020-03-27,59.860408782958984,61.8248250722316,59.69368630258447,61.07095335601888,204216800
2020-03-30,61.56869125366211,61.740247254497845,60.26149432911051,60.58527581752455,167976400
2020-03-31,61.443058013916016,63.42438996368667,60.88973623938196,61.75959108899796,197002000
2020-04-01,58.210105895996094,60.0972038911912,57.78001201918498,59.56079401122782,176218400
2020-04-02,59.181427001953125,59.234584992288006,57.241171415485205,58.072365060446906,165934000
2020-04-03,58.33091354370117,59.3674871060243,57.741345715951596,58.66677342106095,129880000
2020-04-06,63.419559478759766,63.57419624282321,60.256676873255664,60.62394564001491,201820400
2020-04-07,62.68500900268555,65.64976368215225,62.58111162954673,65.43229446081726,202887200
2020-04-08,64.2894058227539,64.6035165473233,63.1199373363336,63.48478743589154,168895200
2020-04-09,64.75333404541016,65.25592013573771,63.95839000283478,64.92489377394622,161834800
2020-04-13,66.0242691040039,66.1330036952468,64.23140190068074,64.83063671400997,131022800
2020-04-14,69.35869598388672,69.64864994794841,67.18406337493083,67.65523672307218,194994800
2020-04-15,68.72566223144531,69.18475002856255,67.80748663721087,68.23516188327974,131154400
2020-04-16,69.27174377441406,69.63660131632508,68.22308804264783,69.43846626880793,157125200
2020-04-17,68.3318099975586,69.33456350529407,66.89655138464681,68.7884865443206,215250000
2020-04-20,66.91344451904297,68.06116730050987,66.89411769563229,67.1599076040023,130015200
2020-04-21,64.84514617919922,66.99078550242736,64.13476539316186,66.75640806793423,180991600
2020-04-22,66.71292114257812,67.14784486961675,65.77058148476895,66.11126755910753,116862400
2020-04-23,66.45438385009766,68.07811050746528,66.41572281375096,66.65734876053877,124814400
2020-04-24,68.37289428710938,68.38256138963163,66.93038709342744,66.97871523220005,126161200
2020-04-27,68.42121887207031,68.7522452213369,67.64318307081028,68.09018514896542,117087600
2020-04-28,67.3121337890625,69.06392140300909,67.22032214952667,68.88270199466979,112004800
2020-04-29,69.52302551269531,69.99178036647727,68.59518290617446,68.79814778505363,137280800
2020-04-30,70.98969268798828,71.16608226501852,69.67283584195576,70.06185003558508,183064000
2020-05-01,69.8468017578125,72.24614521202258,69.06876605288338,69.16541493960355,240616800
2020-05-04,70.83504486083984,70.96310628408554,69.18232470328076,69.8709599457229,133568000
2020-05-05,71.89817810058594,72.72937150772385,71.1491365870351,71.29411355317959,147751200
2020-05-06,72.63998413085938,73.27062409174145,72.21472025377234,72.59890448979868,142333600
2020-05-07,73.39146423339844,73.7369949485584,72.9637889533335,73.2658213930559,115215200
2020-05-08,75.1383056640625,75.19160756554702,73.72339119914562,74.05047071308249,133838400
2020-05-11,76.32064056396484,76.8148865401455,74.43811985212862,74.6464845389423,145946400
2020-05-12,75.44841003417969,77.45448798811958,75.32727004325628,77.00384337710936,162301200
2020-05-13,74.53743743896484,76.54836579208815,73.46171369194431,75.62769739388037,200622400
2020-05-14,74.9953384399414,75.0559084279637,73.05467365769209,73.77667057668484,158929200
2020-05-15,74.5519790649414,74.59801285788724,72.73487900802405,72.76880175811006,166348400
2020-05-18,76.3084945678711,76.68160777866888,75.18431939181484,75.87481876052446,135178400
2020-05-19,75.86756134033203,77.17102150533867,75.83606375790906,76.32546668705436,101729600
2020-05-20,77.34306335449219,77.41331924575681,76.68647909264409,76.72524478806615,111504800
2020-05-21,76.76641845703125,77.74523171426733,76.52898139842385,77.20494465969075,102688800
2020-05-22,77.26068115234375,77.3430554740474,76.40300778879455,76.5047612593345,81803200
2020-05-26,76.73733520507812,78.55685269616119,76.68160815192094,78.37756788987811,125522000
2020-05-27,77.07168579101562,77.21705526702166,75.85544287582236,76.59440129810365,112945200
2020-05-28,77.1056137084961,78.36304756047794,76.47084126097369,76.74703662948228,133560800
2020-05-29,77.0304946899414,77.80821132778638,76.67434283627068,77.34788086093664,153532400
2020-06-01,77.97782135009766,78.09896135300481,76.8536385740957,76.98447184749915,80791200
2020-06-02,78.33881378173828,78.36304326033381,77.27035810172477,77.71130947324757,87642800
2020-06-03,78.77008819580078,79.0317547887438,78.08685668442773,78.65864144374004,104491200
2020-06-04,78.09169006347656,78.89121109253435,77.71857679947686,78.59321142956854,87560400
2020-06-05,80.31582641601562,80.37639642085425,78.31217331772173,78.34124573703636,137250400
2020-06-08,80.79068756103516,80.82461031040765,79.30309219050388,80.01297082329648,95654400
2020-06-09,83.34188842773438,83.73438081455681,80.43937898287314,80.47087656345983,147712400
2020-06-10,85.48606872558594,85.95366732051313,83.85067883247099,84.28920501230608,166651600
2020-06-11,81.3818359375,85.05480096655532,81.2800824962617,84.63081104253492,201662400
2020-06-12,82.08446502685547,84.26498513269779,80.97482582626513,83.51876594974783,200146000
2020-06-15,83.099609375,83.75134312369018,80.57747385342842,80.73980469603605,138808800
2020-06-16,85.30193328857422,85.57329308072946,83.51875616005826,85.15172088189794,165428800
2020-06-17,85.18321990966797,86.10630607045023,85.06207991592963,86.04573607358105,114406400
2020-06-18,85.2171630859375,85.63388506004952,84.60903780557047,85.13963169684683,96820400
2020-06-19,84.73014831542969,86.38734236256319,83.62292711838043,85.92216897764727,264476000
2020-06-22,86.94701385498047,87.08995815364833,85.07661214341427,85.12264593038505,135445200
2020-06-23,88.8028793334961,90.22021867227018,87.77076426941889,88.18991128978877,212155600
2020-06-24,87.23533630371094,89.3504433677871,86.86222303304002,88.43220009652119,192623200
2020-06-25,88.39342498779297,88.4321906709593,86.63205223537432,87.39038973838228,137522400
2020-06-26,85.67745971679688,88.50971291769464,85.52966510284091,88.2892372764143,205256800
2020-06-29,87.65206146240234,87.74655421504602,85.10812136493809,85.5854132789762,130646000
2020-06-30,88.38375091552734,88.66964696675093,87.22080974313869,87.240188892032,140223200
2020-07-01,88.2165756225586,89.00398569728229,88.16812405423994,88.46128081179627,110737200
2020-07-02,88.2165756225586,89.75748041356287,88.10271110979996,89.122707936332,114041600
2020-07-06,90.57638549804688,91.0439841546096,89.61210837219791,89.6436059572989,118655600
2020-07-07,90.29533386230469,91.7320524889195,90.18388713248098,90.95433575857336,112424400
2020-07-08,92.3983154296875,92.42981301031341,91.18449035546323,91.27171499364255,117092000
2020-07-09,92.79566192626953,93.34320967936996,91.74901058829923,93.28990778547893,125642800
2020-07-10,92.95797729492188,93.01612951561695,91.78050018746696,92.39104305128085,90257200
2020-07-13,92.52912902832031,96.86836346538206,92.31592150674057,94.26142905046069,191649200
2020-07-14,94.06034088134766,94.25173670454006,90.97853984337321,91.91131166870977,170989200
2020-07-15,94.70724487304688,96.18272909779543,93.51038115292206,95.93318100843004,153198000
2020-07-16,93.54186248779297,94.39711039249674,92.9434307316656,93.58062816600412,110577600
2020-07-17,93.35289764404297,94.14757567538506,92.88044872986721,93.99252033438566,92186800
2020-07-20,95.32024383544922,95.45834524648552,93.09611462173112,93.44015556599334,90318000
2020-07-21,94.00463104248047,96.18515083470295,93.75508296201137,96.11004463336359,103433200
2020-07-22,94.26873016357422,94.94953641432485,93.6194214977863,93.70663875417605,89001600
2020-07-23,89.97794342041016,94.0797418561393,89.16872914510222,94.00221048521436,197004400
2020-07-24,89.75505828857422,90.09909918615199,86.39221027249204,88.17782031323753,185438800
2020-07-27,91.88225555419922,91.97432312790853,90.59333170366311,90.81622514062431,121214000
2020-07-28,90.37285614013672,91.63028980605597,90.3680058085899,91.45342276195278,103625600
2020-07-29,92.10513305664062,92.28926815742165,90.81862730392231,90.854967812288,90329200
2020-07-30,93.21965789794922,93.32383652649061,90.87196403764284,91.27899267505967,158130000
2020-07-31,102.97868347167969,103.12889587437893,97.71151174507618,99.70790378289954,374336800
2020-08-03,105.5735092163086,108.19013023936542,104.56078059833798,104.85878026409463,308151200
2020-08-04,106.27853393554688,107.36879381499179,105.0404794276689,105.76247640960193,173071600
2020-08-05,106.66378021240234,106.98359161753405,105.5347544170492,105.9999353148589,121776800
2020-08-06,110.38520050048828,110.87945383007707,106.40696656350907,106.99570525966352,202428800
2020-08-07,107.87550354003906,110.363351174005,107.07939259345517,109.90704232526846,198045600
2020-08-10,109.44344329833984,110.46042737696229,106.79540187658976,109.31965534861051,212403600
2020-08-11,106.18861389160156,109.20558233257063,105.9289051039155,108.7080157903305,187902400
2020-08-12,109.71769714355469,109.97497634209523,107.08421855500417,107.27838901940625,165598000
2020-08-13,111.65946197509766,112.66188375277733,110.60849386446708,111.09635710424106,210082000
2020-08-14,111.55994415283203,111.64974819993897,109.75170070282874,111.48470252378944,165565200
2020-08-17,111.26869201660156,112.7055791342614,110.64248575631566,112.68130596603584,119561600
2020-08-18,112.19586181640625,112.62061629597079,110.68616274132592,111.02111317320909,105633600
2020-08-19,112.33662414550781,113.74923783578949,112.24196843606359,112.60361413274605,145538000
2020-08-20,114.82933807373047,114.94341528440668,112.36090456064325,112.37789651709356,126907200
2020-08-21,120.74677276611328,121.22977689357654,115.77592935893642,115.78806223773633,338054800
2020-08-24,122.19093322753906,125.03315266970756,120.32686973134855,124.94819288976294,345937600
2020-08-25,121.18850708007812,121.53316822878249,119.4676456893335,121.06472653687041,211495600
2020-08-26,122.83656311035156,123.29287194891076,121.43851175938384,122.50404222890556,163022400
2020-08-27,121.36812591552734,123.77102105443406,120.22492431150832,123.43850018201364,155552400
2020-08-28,121.17152404785156,122.75888676117691,120.94822130817289,122.3414135230096,187630000
2020-08-31,125.28070068359375,127.18360697027765,122.32927082637391,123.86324282555849,225702700
2020-09-01,130.27096557617188,130.87291336835037,126.72730590113318,128.89233580510103,151948100
2020-09-02,127.57193756103516,133.96024518458114,123.30012802751692,133.58160758872046,200119000
2020-09-03,117.35844421386719,125.08654753719104,116.98951728236517,123.21278063679146,257599600
2020-09-04,117.43610382080078,120.0962780604988,107.65947073062564,116.57203254505438,332607200
2020-09-08,109.53326416015625,115.52351448044385,109.39734331128103,110.63034169954362,231366600
2020-09-09,113.90216064453125,115.66913897859283,111.90217621343139,113.84391097205425,176940500
2020-09-10,110.18372344970703,116.98950502781075,109.22256693467808,116.85358420375128,182274400
2020-09-11,108.73714447021484,111.87304930648419,106.79540974753245,111.23227329257654,180860300
2020-09-14,111.99925994873047,112.55265405113641,109.51384186173257,111.377905426981,140150100
2020-09-15,112.17401885986328,115.36817345414228,110.30024450538139,114.88273976030895,184642000
2020-09-16,108.86334228515625,112.62060121644382,108.77596778791039,111.87303669164397,154679000
2020-09-17,107.12548065185547,108.93129419191115,105.54296982143195,106.52354774325607,178011000
2020-09-18,103.72747802734375,107.64978353613935,102.99932741720639,107.18377129364484,287104900
2020-09-21,106.87309265136719,106.97988866541388,100.09643446582953,101.49448598998192,195713800
2020-09-22,108.55266571044922,109.57207929386054,105.97987340331184,109.39732289119372,183055400
2020-09-23,103.9992904663086,108.84391540986971,103.65948104238039,108.36819258635005,150718700
2020-09-24,105.06727600097656,107.03813572764626,101.9410816453774,102.1061273331871,167743300
2020-09-25,109.00898742675781,109.16432976181966,104.53328824582925,105.27114952311253,149981400
2020-09-28,111.61092376708984,111.96043664981464,109.49443238042568,111.65947010357479,137672400
2020-09-29,110.76625061035156,111.9507099432901,110.26140285567331,111.21285610238571,99382200
2020-09-30,112.4361572265625,113.84391947599966,110.30996254389598,110.47500823299629,142675200
2020-10-01,113.3875961303711,114.29050304173128,112.45556438431055,114.2128318777771,116120400
2020-10-02,109.72742462158203,112.00896881944756,108.9507351859753,109.60121453266758,144712000
2020-10-05,113.10604095458984,113.25167253166546,110.24198536966455,110.59149819179417,106243800
2020-10-06,109.86337280273438,112.73713979097334,108.97987979860987,112.32936980061437,161498200
2020-10-07,111.72740173339844,112.18371051307483,110.80507342782535,111.28080369994235,96849000
2020-10-08,111.62062072753906,113.0089613382161,111.25168639294162,112.86332975388186,83477200
2020-10-09,113.56233978271484,113.59146461414193,111.57205902106843,111.9215718124515,100506900
2020-10-12,120.77589416503906,121.53316947743221,115.80505089927543,116.56232621166858,240226800
2020-10-13,117.57201385498047,121.73703494031142,116.16425940876682,121.62052821230519,262330500
2020-10-14,117.659423828125,119.44581630770881,116.13516229019277,117.47495664988062,150712000
2020-10-15,117.1933822631836,117.66910513115165,114.70796452850907,115.26135855246798,112559200
2020-10-16,115.55262756347656,118.0089281560019,115.34874631090426,117.74678982617324,115393800
2020-10-19,112.60118865966797,116.9118342796432,112.29051143113706,116.46523622657561,120639300
2020-10-20,114.08663940429688,115.51381578197925,112.26140380524468,112.81479797137345,124423700
2020-10-21,113.46525573730469,115.25164788351834,113.05748587164362,113.27107784719725,89946000
2020-10-22,112.37789154052734,114.60117857735534,111.25168190141596,114.02836301066806,101988000
2020-10-23,111.6885757446289,113.15458745033783,110.95071451824744,112.99924512599237,82572600
2020-10-26,111.69828033447266,113.15458121285103,109.591492767667,110.6885775032748,111850700
2020-10-27,113.20313262939453,113.86332273009963,111.20314823922772,112.12546926784462,92276800
2020-10-28,107.96041870117188,112.06718979878684,107.86333347246799,111.69826296686081,143937800
2020-10-29,111.96043395996094,113.52353114594587,108.93132485149748,109.09637794730227,146129200
2020-10-30,105.68862915039062,108.7274415434045,104.58184087142044,107.82453453612558,190272600
2020-11-02,105.6012191772461,107.45557903361015,104.19346473885868,105.93131786786421,122866900
2020-11-03,107.22260284423828,108.24200921576619,105.56242040449504,106.46532742335162,107624400
2020-11-04,111.60118103027344,112.22253544210156,109.07692780633057,110.8147809731129,138235500
2020-11-05,115.56231689453125,116.13513237076141,113.46524768018678,114.51377858379472,126387100
2020-11-06,115.4310531616211,115.92704441463144,112.94133971591968,115.07120982324268,114457900
2020-11-09,113.1261215209961,118.64043465344767,112.86353836131654,117.19134868504119,154515300
2020-11-10,112.78572845458984,114.36124218625869,110.99624681601809,112.37726248118744,138023400
2020-11-11,116.20906066894531,116.34521597780906,113.24281153166176,113.97221815196379,112295000
2020-11-12,115.93675994873047,117.22051541325983,115.31433350652887,116.33550583009225,103162300
2020-11-13,115.98540496826172,116.38414348107418,114.633571669367,116.16046289142338,81581900
2020-11-16,116.99681091308594,117.66785987820703,114.90584403357659,115.65469814302986,91183000
2020-11-17,116.1118392944336,117.35669240875295,115.69364575572538,116.26744964367843,74271000
2020-11-18,114.78916931152344,116.53002096182686,114.75999422898965,115.35324564020682,76322100
2020-11-19,115.38240814208984,115.79087409284412,113.60265410249275,114.36123584529591,74113000
2020-11-20,114.11809539794922,115.50883100676269,114.06947274108221,115.38240319501891,73604300
2020-11-23,110.72393035888672,114.39041868660993,110.62667762078418,113.96249773506877,127959300
2020-11-24,112.00768280029297,112.66901178958845,109.49852215679763,110.78228497711366,113874200
2020-11-25,112.84408569335938,113.54431736019659,112.00769869351593,112.37726952874067,76499200
2020-11-27,113.38870239257812,114.26399194036229,113.02886649286769,113.36925481147574,46691300
2020-11-30,115.78115844726562,117.64843779643516,113.60265845332594,113.75826877571102,169410200
2020-12-01,119.35039520263672,120.07980194572332,116.71480639467286,117.68734871878834,127728200
2020-12-02,119.70050811767578,119.98254627518949,117.57063810536371,118.66960823368215,89004200
2020-12-03,119.56434631347656,120.38127824003541,118.85438720785504,120.1284151780445,78967600
2020-12-04,118.89329528808594,119.48654668025314,118.18333614962214,119.23368360656494,78260400
2020-12-07,120.35210418701172,121.14958854018184,118.89329080292673,118.95164096391939,86712000
2020-12-08,120.96483612060547,121.54836756927766,119.71025537781719,120.9551160377287,82225500
2020-12-09,118.43618774414062,122.49168693103906,117.67760601650876,121.11067878997038,115089200
2020-12-10,119.85609436035156,120.46880067316184,116.85094263147249,117.19133090530717,81312200
2020-12-11,119.04889678955078,119.38928508279156,117.23996766557605,119.06834436920384,86939800
2020-12-14,118.43618774414062,119.96307869896347,118.20277969407886,119.23367205010081,79184500
2020-12-15,124.36870574951172,124.3881607505194,120.72167215100104,120.92590514212858,157243700
2020-12-16,124.30062866210938,124.84524997430788,123.08495079030278,123.91161767905837,98208600
2020-12-17,125.16619110107422,126.02203307421959,124.52430962121518,125.3606965932024,94359800
2020-12-18,123.18219757080078,125.55520289308356,122.65702389685748,125.41904757982878,192541500
2020-12-21,124.70909118652344,124.78689634893868,120.06034032088816,121.5872313887212,121251600
2020-12-22,128.25885009765625,130.71938029303678,126.09007064495803,127.99625958942822,168904800
2020-12-23,127.36415100097656,128.79377458393498,127.18908566358635,128.53119883757725,88223700
2020-12-24,128.34637451171875,129.79546749710363,127.50026768364367,127.71422812013846,54930100
2020-12-28,132.9368133544922,133.56895993255333,129.84412103088945,130.3109520335808,124486200
2020-12-29,131.16677856445312,134.97914269594398,130.6513323196226,134.25947087325437,121047300
2020-12-30,130.04837036132812,132.25604575507535,129.7371496715403,131.85729981121693,96452100
2020-12-31,129.0466766357422,131.04039188221898,128.10330915091885,130.3985102212382,99116600
2021-01-04,125.85669708251953,129.94137159533847,123.27945861661561,129.85384635373498,143301900
2021-01-05,127.41277313232422,128.12273976147537,124.9036119861187,125.35098801490136,97664900
2021-01-06,123.12384796142578,127.45166544679954,122.90988747820573,124.21309795786028,155088000
2021-01-07,127.32524871826172,128.01576034902203,124.34927136052875,124.83554255858496,109578200
2021-01-08,128.4241943359375,128.9882705657379,126.65416049347947,128.79375026318803,105158200
2021-01-11,125.43848419189453,126.59581174174171,124.9716681081952,125.64272457590934,100384500
2021-01-12,125.26345825195312,126.12902035403391,123.37672370948479,124.97169257758259,91951100
2021-01-13,127.29610443115234,127.8407259303681,124.96200805170683,125.22458387751402,88636800
2021-01-14,125.37040710449219,127.40301655515239,125.22451688393703,127.20851110089377,90221800
2021-01-15,123.64903259277344,126.64446478265978,123.51287725867944,125.24400143779671,111598500
2021-01-19,124.3200912475586,125.17593327026417,123.45452914361996,124.27146116175601,90757300
2021-01-20,128.4047393798828,128.85211530015263,125.02029683978466,125.127277070296,104319500
2021-01-21,133.1118621826172,135.83498363825382,129.9219245699571,130.12616498605254,120150900
2021-01-22,135.25144958496094,136.0100313065284,131.31265074462775,132.53804856258682,114459400
2021-01-25,138.99575805664062,141.106173284309,132.79093279458516,139.1416483205631,157611700
2021-01-26,139.22915649414062,140.3378541007655,137.48829750104505,139.65707747210416,98390600
2021-01-27,138.15933227539062,140.3378319835939,136.55464370074296,139.49171024148978,140843800
2021-01-28,133.32579040527344,138.0912555090123,132.94649958704122,135.68907538027003,142621100
2021-01-29,128.33668518066406,132.98543606950525,126.63473619885515,132.10041903740844,177523800
2021-02-01,130.45681762695312,131.66277536673383,127.3349504556567,130.07752674070377,106239800
2021-02-02,131.28350830078125,132.5672565949287,130.91393742770222,132.00318020332065,83305400
2021-02-03,130.26231384277344,132.0420679752551,129.9413731133275,132.0323330550851,89880900
2021-02-04,133.61756896972656,133.62728904915303,130.89444790890877,132.55750155942113,84183100
2021-02-05,133.20362854003906,133.8464691818489,132.32703847356598,133.77829722031976,75693800
2021-02-08,133.34976196289062,133.39846472288602,131.411505066242,132.49264094535826,71297200
2021-02-09,132.47311401367188,134.29449558670797,132.3172860388913,133.06725182462114,76774200
2021-02-10,131.86924743652344,133.42764614924684,130.9049865610518,132.93089894279558,73046600
2021-02-11,131.61602783203125,132.84325691578465,130.291393245221,132.3659937299951,64280000
2021-02-12,131.84974670410156,132.00558952807881,130.2134416383095,130.85628214072338,60145100
2021-02-16,129.7264862060547,132.4731462786685,129.33687901923372,131.96667922879305,80576300
2021-02-17,127.43756103515625,128.78167951119218,126.10319202528883,127.83690273629607,97918500
2021-02-18,126.33698272705078,126.61943492722637,124.09678975209331,125.84023543219843,96856700
2021-02-19,126.49278259277344,127.31095005461351,125.4506152038684,126.85317101046176,87668800
2021-02-22,122.72343444824219,126.34669893995918,122.33383475744539,124.68116007602796,103916400
2021-02-23,122.58707427978516,123.41496896895947,115.31132670254333,120.54168521506156,158273000
2021-02-24,122.09033203125,122.29487019049711,119.05147088701199,121.69099774824254,111039900
2021-02-25,117.84371185302734,123.17146835413952,117.4054168564186,121.43775757680415,148199500
2021-02-26,118.10670471191406,121.6033452358005,118.04825992472897,119.40211317040608,164560400
2021-03-01,124.46688842773438,124.60324720609326,119.59691082635653,120.53194563410155,116307900
2021-03-02,121.86632537841797,125.37270785746594,121.75918527388905,125.07077161615514,102260900
2021-03-03,118.8858871459961,122.4409721711293,118.6716069492106,121.56437474382311,112966300
2021-03-04,117.006103515625,120.38586986301316,115.53537532437929,118.58397926186606,178155000
2021-03-05,118.2625503540039,118.76903225470893,114.51266857773292,117.83399731994245,153766600
2021-03-08,113.3341293334961,117.85346835184752,113.1880285063647,117.78528895665244,154376600
2021-03-09,117.94111633300781,118.8858931954571,115.7009310503409,115.93468789918522,129525800
2021-03-10,116.8599853515625,118.99303047984385,116.34376148572666,118.52551679323263,111943300
2021-03-11,118.78850555419922,120.00600008566362,118.1067115889779,119.35342480023796,103026500
2021-03-12,117.88268280029297,118.01904158578925,116.06131583787986,117.2690682655597,88105100
2021-03-15,120.76570892333984,120.77545095974142,117.28854502762586,118.25280599447676,92403800
2021-03-16,122.30462646484375,123.91172068145192,121.47673169598399,122.43124321692929,115227900
2021-03-17,121.51567077636719,122.58706425301885,119.15859621053912,120.82413491933752,111932600
2021-03-18,117.39568328857422,119.97677300065472,117.19114511333716,119.68457136117527,121229700
2021-03-19,116.86972045898438,118.27227638684158,116.56778422545804,116.78206442899135,185549500
2021-03-22,120.18131256103516,120.64883370339138,117.13270910784668,117.20088850037816,111912300
2021-03-23,119.35340881347656,121.00919818208511,118.9638091293934,120.12286614601692,95467100
2021-03-24,116.96713256835938,119.7040653634643,116.94765592524341,119.62614392900645,88530500
2021-03-25,117.45411682128906,118.4962991670475,115.90546750304253,116.43142597838931,98844700
2021-03-26,118.05799865722656,118.32098161470867,115.82754797615723,117.22036189731419,94071200
2021-03-29,118.23330688476562,119.3923638462603,117.59047375295034,118.48654778202403,80819200
2021-03-30,116.78207397460938,117.26907177481125,115.76911765846987,116.98661215897457,85671900
2021-03-31,118.97356414794922,120.30793336547684,117.99956854695249,118.48656634745086,118323800
2021-04-01,119.80146026611328,120.9507753854183,119.30472042335516,120.44430093685868,75089100
2021-04-05,122.62603759765625,122.87927851383142,119.86962848939254,120.64882787870255,88651200
2021-04-06,122.9280014038086,123.8240757008056,122.38256616754916,123.21046106001373,80171300
2021-04-07,124.57403564453125,124.59351228641088,121.88580577435263,122.55786509964642,83466700
2021-04-08,126.9700698852539,126.99928856495599,125.17792150755567,125.59673249128127,88844600
2021-04-09,129.54141235351562,129.58036563750287,126.1032091394081,126.42462946477704,106686700
2021-04-12,127.8271713256836,129.39530463290586,127.23303349221449,129.07388434312833,91420000
2021-04-13,130.93421936035156,131.15824904554103,128.49923039780398,128.99597765783932,91266500
2021-04-14,128.5966339111328,131.4894019428346,128.2362603060902,131.43096458655666,87222800
2021-04-15,131.00241088867188,131.48940869866695,130.16477406100063,130.34010100083557,89347100
2021-04-16,130.67123413085938,131.16796646381349,129.81411337251544,130.80759290041487,84922400
2021-04-19,131.3335723876953,131.9471944147541,129.8725788847892,130.03815636501255,94264200
2021-04-20,129.6485595703125,132.0056272235911,128.38236227240412,131.50889480005515,94812300
2021-04-21,130.02841186523438,130.27191076385841,127.88562452974153,128.9180574819885,68847100
2021-04-22,128.5089874267578,130.66150947358742,127.99277092528317,129.58037371612286,84566500
2021-04-23,130.82708740234375,131.60627194079382,128.72325347974677,128.72325347974677,78657500
2021-04-26,131.21670532226562,131.54786030204147,130.08686671385888,131.32384544654548,66905100
2021-04-27,130.895263671875,131.88874331170373,130.62254610203854,131.49913616765673,66015800
2021-04-28,130.1063232421875,131.5088791677975,129.61932548257246,130.81733580986761,107760100
2021-04-29,130.00892639160156,133.50558183329358,129.00571212903608,132.92117853809344,151101000
2021-04-30,128.04147338867188,130.08685531571498,127.66161568350715,128.35314426527148,109839500
2021-05-03,129.09335327148438,130.58358001612103,128.40182480933737,128.6063555356659,75135100
2021-05-04,124.52533721923828,128.070688075214,123.40524078183631,127.77848641989287,137564700
2021-05-05,124.76882934570312,127.05770985077288,124.64220517501703,125.84021547722773,84000900
2021-05-06,126.3662109375,126.37594554444907,123.82407406523244,124.5643128982338,78128300
2021-05-07,127.03939819335938,128.06381882504127,126.3271629457147,127.66381362314827,78973300
2021-05-10,123.76119232177734,126.38568557584613,123.72216543128324,126.25886120807223,88071200
2021-05-11,122.8440933227539,123.19532046962064,119.78054551827158,120.4927732833166,126142800
2021-05-12,119.78052520751953,121.6049930518603,119.27319057596678,120.39518935845192,112172300
2021-05-13,121.92696380615234,123.07823093502375,121.23425330099667,121.5464609574558,105861300
2021-05-14,124.34660339355469,124.7758918234003,122.78556470814284,123.1758262404007,81918000
2021-05-17,123.1953125,123.83924502210618,122.12209907344122,123.73192293508849,74244600
2021-05-18,121.80990600585938,123.89779649597985,121.74161080080381,123.47826668103308,63342900
2021-05-19,121.65379333496094,121.87818865261369,119.86835215925528,120.16105011854478,92612000
2021-05-20,124.20999145507812,124.61001150333645,122.05380598133526,122.1806452374261,76857100
2021-05-21,122.37577819824219,124.8831983677244,122.16113401006866,124.70758107227505,79295400
2021-05-24,124.00508880615234,124.82463851355793,122.87333890230889,122.94163409095792,63092900
2021-05-25,123.80998992919922,125.19541862484827,123.24411112700588,124.70758616767343,72009500
2021-05-26,123.76119232177734,124.28804417802037,123.34166255348855,123.86851440973157,56575900
2021-05-27,122.22942352294922,124.5319579811851,122.03429651202822,123.3611810284224,94625600
2021-05-28,121.57573699951172,122.736762785055,121.51720038633076,122.51236002849775,71311100
2021-06-01,121.25376892089844,122.29771402080185,120.92205152635813,122.03429182182089,67637100
2021-06-02,122.0147705078125,122.19038778236961,121.02936949732552,121.25376479927095,59278900
2021-06-03,120.53179931640625,121.80989840712398,120.13177925202119,121.64403969713835,76229200
2021-06-04,122.82457733154297,123.08800699874061,120.83425044759345,121.04889463757115,75169300
2021-06-07,122.8343276977539,123.24409888195902,121.79038257021139,123.09774990370911,71057600
2021-06-08,123.65388488769531,125.33201160333881,123.13679155370112,123.51729447658813,74403800
2021-06-09,124.03438568115234,124.63929137968418,123.43923856713752,124.11243947005046,56877900
2021-06-10,123.0392074584961,125.0685610035486,122.87334876469549,123.92704498219538,71186400
2021-06-11,124.2490234375,124.33683580636276,123.02946096276283,123.44899075181716,53522400
2021-06-14,127.30277252197266,127.36130912377853,123.97581081544413,124.70754811248429,96906500
2021-06-15,126.48326873779297,127.41989931286103,126.23935623136502,126.77596672295411,62746300
2021-06-16,126.98082733154297,127.70281361013316,125.33199152138447,127.19547149849583,91815000
2021-06-17,128.58087158203125,129.3223749059046,126.49298175181782,126.63933814390342,96721700
2021-06-18,127.2833023071289,128.30772287123602,127.06865812161917,127.52721480091387,108953300
2021-06-21,129.0784912109375,129.18581330080102,126.063736441913,127.1271913132279,79663300
2021-06-22,130.7175750732422,130.8151460223462,128.4150406144124,128.91263161271146,74783600
2021-06-23,130.44439697265625,131.04931007255976,129.98584029942936,130.51269961588608,60214200
2021-06-24,130.16146850585938,131.36151382298493,129.69314579268672,131.17613794325877,68711000
2021-06-25,129.86878967285156,130.62979558487248,129.57609165578822,130.2102731739654,70783700
2021-06-28,131.49807739257812,131.95663398446408,130.10290533994575,130.1614419453381,62111300
2021-06-29,133.01036071777344,133.16646828417475,131.07857796707717,131.51761747124857,64556100
2021-06-30,133.62501525878906,134.06405473109936,132.5615455661884,132.85424351014055,63261400
2021-07-01,133.927490234375,133.98602685703514,132.45424909031448,133.27380646927242,52485800
2021-07-02,136.55194091796875,136.59096035625936,134.3957484933909,134.54208999602216,78852600
2021-07-06,138.5618133544922,139.66428770082487,136.65929888430668,136.65929888430668,108181800
2021-07-07,141.0497283935547,141.3619286538461,139.1862333107396,140.04479519196917,104911600
2021-07-08,139.75210571289062,140.55213093920304,137.24467816832617,138.13252320539087,105575500
2021-07-09,141.5765838623047,142.10342835570765,139.17647811244083,139.27404907544525,99890800
2021-07-12,140.98143005371094,142.75712026323748,140.49360503622404,142.64979816390084,76299700
2021-07-13,142.0936737060547,143.8693639556699,140.1326224508896,140.52287651879445,100827100
2021-07-14,145.51815795898438,145.9279439651733,144.08395159902543,144.49373760521436,127050800
2021-07-15,144.86451721191406,146.34750947636803,143.50836421958925,145.60602078776031,106820300
2021-07-16,142.82537841796875,146.11331359035626,142.32780236268064,144.84498071759424,93251400
2021-07-19,138.9813232421875,140.56188618036083,138.22031752231123,140.2496710710599,121434600
2021-07-20,142.59124755859375,143.518127007473,139.47893643261804,139.96676145319105,96350000
2021-07-21,141.85948181152344,142.57171691870616,141.108242148076,141.98632105555998,74993500
2021-07-22,143.2254180908203,144.59132208932277,142.25951926436974,142.38635852395822,77338200
2021-07-23,144.9425506591797,145.09865822031367,143.34248537564744,143.95714959308972,71447400
2021-07-26,145.3621063232422,146.18164879238583,144.1035094217646,144.65963709619385,72434100
2021-07-27,143.19613647460938,145.57672455410125,142.00584243486344,145.48890475095865,104818600
2021-07-28,141.44969177246094,143.39124006828624,139.0691040815247,141.28383310707383,118931200
2021-07-29,142.0936737060547,142.9815188308623,141.05948702759235,141.16680912935195,56699500
2021-07-30,142.30831909179688,142.7668758133756,140.60093147786202,140.86436116386733,70440600
2021-08-02,141.97657775878906,143.37174997131473,141.71314811709883,142.7961201026742,62880000
2021-08-03,143.7717742919922,144.43520909857267,141.64484970305608,142.2595139229218,64786600
2021-08-04,143.3717803955078,144.19132291330385,142.71809660960577,143.68399557594776,56368300
2021-08-05,143.47911071777344,144.2401166546182,142.61078266741262,143.40105691819448,46397700
2021-08-06,142.7951202392578,143.74291989384258,142.29679858037488,143.000320280882,54126800
2021-08-09,142.74624633789062,143.34228507821692,142.18930041536296,142.8537292225246,48908700
2021-08-10,142.2675018310547,144.3292085832048,141.97436527249621,143.08827226738262,69023100
2021-08-11,142.52154541015625,143.3618622586966,142.19909668704307,142.7071990606952,48493500
2021-08-12,145.48214721679688,145.63848865290169,142.5019538202862,142.84394884807298,72282600
2021-08-13,145.68736267089844,146.01957707570978,144.8763581583002,145.56033337689462,59375000
2021-08-16,147.66116333007812,147.72956832789293,143.11759841201288,145.14021253550032,103296000
2021-08-17,146.75244140625,148.20832862251999,145.67761233221978,146.79151932278535,92229700
2021-08-18,143.0100555419922,147.27026274921596,142.80485554411644,146.37132185900873,86326000
2021-08-19,143.34228515625,144.61253336364982,141.1926423719419,141.71051038649435,86960300
2021-08-20,144.79818725585938,145.10108950161558,143.42045616108942,144.06535347049768,60549600
2021-08-23,146.2834014892578,146.75241093803115,144.50505101044897,144.91543614181833,60131800
2021-08-24,146.1954345703125,147.40705833624506,145.73619092005404,146.02932738546966,48606400
2021-08-25,144.96432495117188,146.87947087329786,144.41714466186295,146.3811342523207,58991300
2021-08-26,144.16305541992188,145.70689371393732,144.13374326132688,144.95452843061085,48597200
2021-08-27,145.19882202148438,145.34538283026907,143.46932993010927,144.10444664756716,55802400
2021-08-30,149.6153564453125,149.97689795560206,145.20858752404757,145.58966053577964,90956700
2021-08-31,148.35487365722656,149.3026732146875,147.8272249811444,149.16587817080352,86453100
2021-09-01,149.01930236816406,151.43276949828842,148.8531951656688,149.33198527371385,80313700
2021-09-02,150.1332244873047,151.17874128646721,148.91183471793337,150.34819027947748,71115500
2021-09-03,150.7683563232422,151.0908050119508,149.58604446464392,150.24070759279422,57808700
2021-09-07,153.10365295410156,153.660598936694,150.85629279363835,151.42301943650597,82278300
2021-09-08,151.55979919433594,153.44561765373206,150.4556581818044,153.38699333617137,74420200
2021-09-09,150.54364013671875,152.53694188624507,150.42637656824454,151.93113726904932,57305700
2021-09-10,145.560302734375,151.9212932925362,145.29647845219108,151.45228394273914,140893200
2021-09-13,146.1270751953125,147.9542695218118,145.34538275990522,147.18235774668085,102404300
2021-09-14,144.7297821044922,147.61227358439965,143.5474852815467,146.9087519585389,109296300
2021-09-15,145.6189422607422,146.01956159972383,143.01982179601146,145.1596986106003,83281300
2021-09-16,145.38441467285156,145.56030249720038,143.85035735869758,145.04243459087402,68034100
2021-09-17,142.7169647216797,145.41380316434896,142.42382816362286,145.41380316434896,129868800
2021-09-20,139.66831970214844,141.52482558177502,138.03654529205727,140.50863618556156,123478900
2021-09-21,140.14712524414062,141.29035906389458,139.51200859720305,140.6356810985669,75834000
2021-09-22,142.51174926757812,143.0784609405733,140.4109501394529,141.14378392401113,76404300
2021-09-23,143.4693145751953,143.71359250338787,142.30654925147212,143.29342671393508,64838200
2021-09-24,143.5572967529297,144.09471134794907,142.22842380413005,142.3261409703322,53477900
2021-09-27,142.04270935058594,142.61921652920344,140.52819828937186,142.1404264749726,74150700
2021-09-28,138.6619110107422,141.4369043819852,138.44694526555043,139.97123697906306,108972300
2021-09-29,139.56085205078125,141.1437680766469,138.77915978644447,139.2090912773067,74602000
2021-09-30,138.2613067626953,141.075393254431,138.04634099404652,140.37187163149707,89056700
2021-10-01,139.3849639892578,139.64878829633227,135.9259954801677,138.65213028813756,94639600
2021-10-04,135.955322265625,138.95506236159227,135.1052398519007,138.51535016597074,98322000
2021-10-05,137.8802490234375,138.98439014714222,136.1703033445533,136.29733265175278,80861100
2021-10-06,138.74990844726562,138.89646928814489,135.20298700252363,136.27781620079284,83221100
2021-10-07,140.01036071777344,140.9190825580318,139.45341467529775,139.78562915042673,61732700
2021-10-08,139.62925720214844,140.87995899645605,139.2970427994977,140.73339820397527,58773200
2021-10-11,139.5413360595703,141.49555969160025,138.56422424355534,139.0137022391212,64452200
2021-10-12,138.27108764648438,139.97126757292082,137.8118439004276,139.9517211619384,73035900
2021-10-13,137.68478393554688,138.1635590245904,136.013916723793,138.0072325170972,78762700
2021-10-14,140.4696044921875,140.58686806127858,138.27110266842462,138.85737578524592,69907100
2021-10-15,141.52487182617188,141.58349614959462,140.22531132197605,140.4793699361988,67940300
2021-10-18,143.19570922851562,143.4790650348245,139.883301471598,140.16665727790686,85589200
2021-10-19,145.3551483154297,145.75576773810008,143.19573955238386,143.64520263819782,76378900
2021-10-20,145.8436737060547,146.3224637629304,144.7297670657769,145.29649358936246,58418800
2021-10-21,146.05868530273438,146.2150267878781,144.48553451864436,145.40402210693284,61421000
2021-10-22,145.28672790527344,146.7426146643611,145.23786934278849,146.26383951681254,58883400
2021-10-25,145.23788452148438,145.95117189778182,144.24122639888336,145.27696242983234,50720600
2021-10-26,145.90231323242188,147.387512149544,145.5993961083312,145.912078981119,60893400
2021-10-27,145.44309997558594,146.30294823636,145.0913391249601,145.94142163499626,56094900
2021-10-28,149.0779571533203,149.66421529809745,146.29318250961379,146.39089965518153,100077900
2021-10-29,146.37130737304688,146.50810238824585,143.05889994615762,143.85035788477583,124953200
2021-11-01,145.55056762695312,146.2736207539483,144.4171144592604,145.57987978563986,74588300
2021-11-02,146.5863037109375,148.10082985163274,145.2476505224247,145.25743118168475,69122000
2021-11-03,148.02264404296875,148.49165344387518,146.39086943374969,146.9478153017873,54511500
2021-11-04,147.50479125976562,148.94113176601576,147.192108353955,148.11059575284676,60394600
2021-11-05,148.03318786621094,148.93344079375584,146.83937063089465,148.6300964838691,65463900
2021-11-08,147.2112274169922,148.31697989696048,146.93723803048172,148.16041026715402,55020900
2021-11-09,147.57330322265625,148.17999196283563,146.83939977322487,146.97639448653322,56787900
2021-11-10,144.7453155517578,146.9078907486886,144.67682566721112,146.8002509889988,65187100
2021-11-11,144.6963653564453,146.22288178403127,144.5104408038777,145.76298280044355,41000000
2021-11-12,146.77088928222656,147.1720784304826,144.31474986015922,145.24435777936998,63804000
2021-11-15,146.78062438964844,148.6202796600138,146.2228508499451,147.1426784851278,59222800
2021-11-16,147.75918579101562,148.23867461686362,146.1348097014568,146.72193826652372,59256200
2021-11-17,150.1957550048828,151.67334153749616,147.7494107865361,147.75919078814144,88807000
2021-11-18,154.48175048828125,155.26458367795593,149.76520627698585,150.41104477831504,137827700
2021-11-19,157.104248046875,157.5641620110988,153.1705218782956,154.2664794451428,117305600
2021-11-22,157.56414794921875,162.14369731452808,157.54457301404287,158.20997149701574,117467900
2021-11-23,157.94578552246094,158.3274146566765,155.64621578340464,157.66200120676388,96041900
2021-11-24,158.46438598632812,158.66009052581524,156.21374645397813,157.29992381912578,69463600
2021-11-26,153.4445037841797,157.00638063396804,153.00416477836077,156.14527755829806,76959800
2021-11-29,156.8009033203125,157.73051124922804,155.38201155737082,155.9495652762871,88748200
2021-11-30,161.75228881835938,161.96756831221649,156.48775108343634,156.55625589116394,174048100
2021-12-01,161.23370361328125,166.64501732963333,160.99884912795645,163.88553311945805,152052500
2021-12-02,160.245361328125,160.6759203936693,154.41328379839803,155.3331118145511,136739200
2021-12-03,158.36656188964844,161.41961013164072,156.29206642790317,160.49978216462458,118023100
2021-12-06,161.77186584472656,164.27692006238982,160.75417823673777,160.76395823883925,107497000
2021-12-07,167.50608825683594,167.89751232351225,164.72704457429052,165.45116789916563,120405400
2021-12-08,171.32241821289062,172.18353634737676,167.03641741062992,168.4357343791699,116998900
2021-12-09,170.8135528564453,172.95655298827864,170.18728927314578,171.15604705270513,108923700
2021-12-10,175.5986328125,175.7747774084515,170.94079752796398,171.4496414446743,115402700
2021-12-13,171.96820068359375,178.22105525887056,171.76270122082846,177.23272274129735,153237000
2021-12-14,170.58853149414062,173.92534966083014,168.51403571018346,171.48878466324098,139380400
2021-12-15,175.4518280029297,175.6475325738547,168.611843504033,171.35175229088827,131063300
2021-12-16,168.56292724609375,177.25234826512832,167.0853404452438,175.4322672390144,150185800
2021-12-17,167.46694946289062,169.74694420568176,166.0480727156741,166.2829122189755,195432700
2021-12-20,166.1068115234375,166.91899978685493,163.86596626176092,164.66835958996737,107499100
2021-12-21,169.2772674560547,169.48275204230814,165.49031583648394,167.8779505711604,91185900
2021-12-22,171.870361328125,172.08564081700152,168.4552593739479,169.32615733120278,92135300
2021-12-23,172.49664306640625,173.05441678226669,171.50832525865067,172.07587897729215,68356600
2021-12-27,176.45970153808594,176.54776634572997,173.26967407814607,173.28923408120028,74919600
2021-12-28,175.44204711914062,177.43827272382592,174.69836371754772,176.29338521436063,79144300
2021-12-29,175.53012084960938,176.75329313798875,174.3167285642682,175.48119097181373,62348900
2021-12-30,174.37542724609375,176.69457190920295,174.26778749437727,175.6181743920382,59773000
2021-12-31,173.75894165039062,175.3833028387427,173.45558242966288,174.2677704894889,64062300
2022-01-03,178.10366821289062,178.9550062933326,173.89596741451703,174.0133871781769,104487900
2022-01-04,175.84324645996094,179.01371442958575,175.27569272230144,178.71037008888723,99310400
2022-01-05,171.1658172607422,176.3031403228598,170.8918278919333,175.75516158524204,94537600
2022-01-06,168.3085174560547,171.53769548653034,167.95624321761545,168.99349099432447,96904000
2022-01-07,168.474853515625,170.40257420223315,167.35932100577125,169.17940193566972,86709100
2022-01-10,168.49444580078125,168.79779016511287,164.56071920573362,165.45119229098708,106765600
2022-01-11,171.32241821289062,171.42026304461638,167.1538521125257,168.62165897014336,76138300
2022-01-12,171.76272583007812,173.37730710526796,171.06797240622825,172.34005950483805,74805200
2022-01-13,168.49444580078125,172.8293615927784,168.1030216763988,172.00739332853072,84505800
2022-01-14,169.35556030273438,170.05031384521072,167.41804452412237,167.66267899736397,80440800
2022-01-18,166.1557159423828,168.83689986985863,165.77408681023036,167.82900716362772,90956700
2022-01-19,162.66232299804688,167.40823697043027,162.3785536255594,166.35141442818917,94815000
2022-01-20,160.979248046875,166.03828667936338,160.65632878123083,163.3962376065405,91420500
2022-01-21,158.92434692382812,162.76021377251277,158.81670715554318,160.89120276470334,122848900
2022-01-24,158.1512451171875,158.81665846201457,151.37976658921312,156.58559388643394,162294600
2022-01-25,156.35076904296875,159.26680751652682,153.65001008067688,155.56793581393717,115798400
2022-01-26,156.26271057128906,160.8618354481178,154.43284958250229,159.99093736491258,108275300
2022-01-27,155.80279541015625,160.32363543352318,154.88296745549835,158.96346843901696,121954600
2022-01-28,166.67434692382812,166.69392186078738,159.30595841103175,162.15350702087153,179935700
2022-01-31,171.02882385253906,171.2441033483954,165.87192581665457,166.5079843021577,115541600
2022-02-01,170.8625030517578,171.08756258764447,168.61186289898112,170.27537434014533,86213900
2022-02-02,172.06610107421875,172.10525095182186,169.6099763158955,170.99949834473722,84914300
2022-02-03,169.189208984375,172.45753715088262,168.42595056253245,170.73530076821885,89418100
2022-02-04,168.905029296875,170.58046717103358,167.22959142271642,168.20937580635172,82465400
2022-02-07,168.18983459472656,170.43353483823722,167.49418092340588,169.36557317059368,77251200
2022-02-08,171.29576110839844,171.8052533391249,167.9644841540523,168.258422554484,74829200
2022-02-09,172.71641540527344,173.07893089654075,171.36430797248656,172.49106914991745,71285000
2022-02-10,168.6405029296875,171.93257943938036,168.08203354026793,170.6196718007765,90865900
2022-02-11,165.23085021972656,169.58109560057568,164.64297356543503,168.84625725787345,98670700
2022-02-14,165.4660186767578,166.15186486791518,163.19291135712115,163.98653444619794,86185500
2022-02-15,169.29693603515625,169.45370512365702,166.80829029407985,167.5137362420102,62527400
2022-02-16,169.06182861328125,169.83585183660028,166.6123672162483,168.3759824121772,61177400
2022-02-17,165.4660186767578,168.43476465088062,165.06430342539218,167.57254946752525,69589300
2022-02-18,163.91790771484375,167.092399110824,162.83034660132282,166.38696820641152,82772700
2022-02-22,160.99818420410156,163.32026851174712,158.872038841447,161.64483056360834,91162800
2022-02-23,156.83409118652344,162.79116699621056,156.52055301215938,162.1934979328617,90009200
2022-02-24,159.4501495361328,159.5579264390306,148.9272576589058,149.49553451506446,141147500
2022-02-25,161.51748657226562,161.78201763247694,157.61793335879435,160.52789462372328,91974200
2022-02-28,161.78199768066406,162.07593599497437,159.14637521454355,159.76364417956287,95056600
2022-03-01,159.9008331298828,163.23210951924372,158.69570233786408,161.37050993245586,83474400
2022-03-02,163.1929168701172,163.97674752234462,159.65589394659725,161.06678613054137,79724800
2022-03-03,162.8695831298828,165.49541352335572,162.203336805619,165.06430592514928,76678400
2022-03-04,159.87144470214844,162.20333673673338,158.82308299816066,161.16476749621853,83737200
2022-03-07,156.07968139648438,161.6840502038395,155.82492784594277,160.05760426701897,96418800
2022-03-08,154.2572784423828,159.58730866544224,152.65043241487155,155.60938587479396,131148300
2022-03-09,159.65586853027344,160.1065759424101,156.187438255504,158.21558423430952,91454900
2022-03-10,155.31544494628906,157.14763719865718,152.82678391494153,156.9614757494235,105342000
2022-03-11,151.60202026367188,156.0600418102309,151.37667406119195,155.71711132575638,96970100
2022-03-14,147.5751190185547,151.0043643598726,147.0656419035059,148.38834185067742,108732100
2022-03-15,151.9547882080078,152.4250955746164,147.34001116939965,147.8494883910694,92964300
2022-03-16,156.36383056640625,156.7655458657659,151.33754541830783,153.8751841039313,102300200
2022-03-17,157.3730010986328,157.74532403885397,154.4434546489776,155.40363939181822,75615400
2022-03-18,160.6650390625,161.15493125437885,156.53034776701656,157.26518605483486,123511700
2022-03-21,162.0367431640625,162.98713519470292,159.71464405141342,160.20453623420445,95811400
2022-03-22,165.40724182128906,165.99510360566663,161.57628048257416,162.1641422669517,81532000
2022-03-23,166.7691650390625,169.15003475063193,164.2609035784897,164.59404174807565,98062700
2022-03-24,170.55108642578125,170.61966356312797,166.76911784992285,167.60192566241446,90131400
2022-03-25,171.18792724609375,171.73660410420254,169.2577508307534,170.36491195893058,80546200
2022-03-28,172.05015563964844,172.17751745210523,168.52292563460833,168.68948719730128,90371900
2022-03-29,175.34225463867188,175.39123190730578,172.77520887835874,173.11813946075333,100589400
2022-03-30,174.17630004882812,175.979099995584,173.12792342578476,174.94053078604693,92633200
2022-03-31,171.08016967773438,174.4310308254092,170.8744083575564,174.2448693810398,103049300
2022-04-01,170.7862548828125,171.3447392929013,168.46417011530542,170.51191638497735,78751300
2022-04-04,174.83277893066406,174.88177115423625,170.91364025013027,171.04101704135246,76468400
2022-04-05,171.5211181640625,174.6956261772892,170.8940565139555,173.91179537707322,73401800
2022-04-06,168.35638427734375,170.11999949152553,166.69075350018778,168.87566890286308,89058800
2022-04-07,168.6600799560547,169.85541807711806,166.41638033883945,167.69989546465595,77594700
2022-04-08,166.6515655517578,168.30740398265033,165.7795578216243,168.30740398265033,76575500
2022-04-11,162.39927673339844,165.61296861541499,162.1543306146452,165.29944535757966,72246700
2022-04-12,164.2706756591797,166.4359910689201,163.27129126604743,164.62339868320723,79265200
2022-04-13,166.9552764892578,167.58233798502656,163.39866884231074,164.00613046155772,70618900
2022-04-14,161.94859313964844,167.80771592706967,161.70364698483297,167.17084695435335,75329400
2022-04-18,161.7330322265625,163.23210129361956,160.2633554980497,160.60627109784113,69023900
2022-04-19,164.0159149169922,164.4274375522312,160.59647667199232,161.6840380358106,67723800
2022-04-20,163.84934997558594,165.46600329408383,162.74220370933205,165.34841899344127,67929800
2022-04-21,163.05572509765625,168.062424195949,162.55604041418727,165.4953937411617,87227800
2022-04-22,158.5193328857422,164.47642463552896,158.23520194954875,163.0949398073809,84882400
2022-04-25,159.58729553222656,159.87142644375086,155.25665006996203,157.8628653370747,96046400
2022-04-26,153.6302032470703,159.05820246882445,153.55181869779824,158.9700254572649,95623200
2022-04-27,153.40484619140625,156.5597381127117,152.2389003975014,152.7581849182673,88063200
2022-04-28,160.3319549560547,161.194170207573,155.7171628080034,156.03070106321982,130216800
2022-04-29,154.46302795410156,162.84018882642286,154.07112011517893,158.568327600733,131747600
2022-05-02,154.76675415039062,155.0312851805643,150.17156281104934,153.54202362072925,123055300
2022-05-03,156.25604248046875,157.46118829235783,153.15993453329665,154.95292717961667,88966500
2022-05-04,162.663818359375,163.11451083359574,156.040465917951,156.4421811299961,108256500
2022-05-05,153.60081481933594,160.76303686900772,151.8175999162394,160.5376906280676,130525300
2022-05-06,154.32688903808594,156.44633619011688,151.2850890529144,153.08073053124994,116124600
2022-05-09,149.2049102783203,152.90412873322438,148.6456204167706,152.02101820173502,131577900
2022-05-10,151.60894775390625,153.79708852885074,150.05861170075954,152.59999379126018,115366700
2022-05-11,143.74932861328125,152.53128118939546,143.07228159830737,150.61789721596364,142689800
2022-05-12,139.88330078125,143.45495579096956,136.19390367446763,140.08936442340104,182602000
2022-05-13,144.34788513183594,145.31930242919321,140.422988536555,141.8751960845671,113990900
2022-05-16,142.80735778808594,144.75019240669823,141.47289233038416,142.81717961196202,86643800
2022-05-17,146.43788146972656,146.95792901438662,143.9259353445969,146.0650115425021,78336300
2022-05-18,138.1759796142578,144.59317839270622,137.27324030149254,144.09275951105042,109742900
2022-05-19,134.77113342285156,139.00020681352638,134.03521536260072,137.2536291483144,136095600
2022-05-20,135.0066375732422,138.05824551298795,130.12014512321653,136.47847391127468,137426100
2022-05-23,140.42295837402344,140.57013597581613,135.06546908443286,135.20283983686906,117726300
2022-05-24,137.72463989257812,139.30441157484717,134.75153153593112,138.1661878220446,104132700
2022-05-25,137.88160705566406,139.12775081330722,135.7425308510417,135.83083742178036,92482700
2022-05-26,141.08038330078125,141.62986633656274,134.56505664226245,134.81036263839988,90601500
2022-05-27,146.83038330078125,146.8696256795322,142.5326166713653,142.6601806038178,90978500
2022-05-31,146.04534912109375,147.83118365219022,144.08290148988652,146.2710413787294,103718400
2022-06-01,145.9178466796875,148.8909545900905,144.90717205322113,147.08549081541827,74286600
2022-06-02,148.37091064453125,148.42978169809749,144.10257959347064,145.05436821890447,72348100
2022-06-03,142.6503448486328,145.19171132509297,141.74762059734428,144.14179449565412,88570300
2022-06-06,143.3960723876953,145.78045445382116,142.17934925780943,144.2693611343495,71598400
2022-06-07,145.9178466796875,146.20239508903217,141.39440285018887,141.63970888221743,67808200
2022-06-08,145.18191528320312,147.05604181726716,144.6913032640919,145.79026939576806,53950200
2022-06-09,139.96182250976562,145.17212073609275,139.8538872463902,144.318460453583,69473000
2022-06-10,134.55526733398438,138.11710068108783,134.48657445941151,137.6461172993445,91437900
2022-06-13,129.40382385253906,132.6614796951245,128.9720829038409,130.37522601482007,122207100
2022-06-14,130.26730346679688,131.3760914682962,129.01133784221852,130.63036655754385,84784300
2022-06-15,132.8871612548828,134.76130271815364,129.67856950370555,131.76856647591572,91533000
2022-06-16,127.61800384521484,129.90425779121338,126.61715107258264,129.60008071626916,108123900
2022-06-17,129.08984375,130.58130861525225,127.37270152778396,127.62782938306579,134520300
2022-06-21,133.31890869140625,134.48656772231706,130.8167993077871,130.91491273074396,81000500
2022-06-22,132.80865478515625,135.17339289715906,131.39569003815623,132.25915684954347,73409200
2022-06-23,135.67384338378906,135.98782727058793,133.08341268546732,134.2510716127321,72433800
2022-06-24,139.0001983642578,139.24550436943025,137.14568556404583,137.27323450557805,89116800
2022-06-27,139.0001983642578,140.79584011879487,138.32315139441545,140.02066475796738,70207900
2022-06-28,134.85943603515625,140.72715167094702,134.74169394010806,139.46137923230657,67083400
2022-06-29,136.61581420898438,138.02877917366496,134.10388314834785,134.87905849783044,66242400
2022-06-30,134.1529541015625,135.77196780465343,131.2583461315228,134.67300165333307,98964500
2022-07-01,136.3214569091797,136.4293921589786,133.11286488498627,133.48571986150768,71051600
2022-07-05,138.9020538330078,138.95111802279916,134.3589823539813,135.18322181452564,73353800
2022-07-06,140.23651123046875,141.41397685924497,138.43106293485934,138.69599756732754,74064300
2022-07-07,143.60214233398438,143.79838414491758,140.58977738452884,140.59958423477383,66253700
2022-07-08,144.27915954589844,144.77959333061295,142.27746932390713,142.5325821547398,64547800
2022-07-11,142.14993286132812,143.88670373849325,141.08040216848238,142.93491514840724,63141600
2022-07-12,143.12135314941406,145.66272006961017,142.32656399441228,143.02322474684678,77588800
2022-07-13,142.75828552246094,143.700252180436,139.4515504526769,140.30522551606126,71185600
2022-07-14,145.68235778808594,146.1533412106034,140.5603662797928,141.37478416032295,78140700
2022-07-15,147.3504180908203,148.02746510063992,145.4174054581408,146.96774129904725,76259900
2022-07-18,144.3086395263672,148.7241480973096,143.9455764182645,147.9097302753274,81420900
2022-07-19,148.16481018066406,148.39048748737392,144.15160798832517,145.1426387458673,82982400
2022-07-20,150.16651916503906,150.8337592919261,147.54665279809592,148.2825708215841,64823400
2022-07-21,152.43321228027344,152.64908284004034,149.08723357618206,151.59916557460167,65086600
2022-07-22,151.19680786132812,153.3456908921451,150.52958270466215,152.47240210045547,66675400
2022-07-25,150.07821655273438,152.12897123891142,149.42079823109208,151.1183116577891,53623900
2022-07-26,148.7535400390625,150.21555397747602,147.96855797310025,149.40113639411533,55138700
2022-07-27,153.84609985351562,154.37596918243503,149.30304304810883,149.7151553193297,78620700
2022-07-28,154.39561462402344,154.68016301876492,151.51081343985047,154.0325515340952,81378700
2022-07-29,159.4586944580078,160.55767543376024,156.50521583755506,158.21255085489784,101786900
2022-08-01,158.47747802734375,160.51842568191043,157.8691239569894,157.9868660422736,67829400
2022-08-02,157.0056610107422,159.36060780651525,156.63280603827062,157.0939825576486,59907000
2022-08-03,163.0107879638672,163.46214273028536,157.7317967556544,157.82010334400223,82507500
2022-08-04,162.69679260253906,164.05088687619767,161.34269832888046,162.89303446062004,55474100
2022-08-05,162.4707794189453,162.96207295817032,160.1616937873522,160.36804367078585,56697000
2022-08-08,161.99911499023438,164.88792318870864,161.34078349494277,163.47299550022427,60276900
2022-08-09,162.04824829101562,162.93258559805665,160.40732977942574,161.16392597706255,63135500
2022-08-10,166.2930450439453,166.39129475740782,163.99377985120265,164.76019658442047,70170500
2022-08-11,165.55609130859375,168.0125588424397,165.26131220591463,167.09874512344325,57149200
2022-08-12,169.10324096679688,169.1720142653812,166.45024387983412,166.86294364369544,68039400
2022-08-15,170.17425537109375,170.37076978453467,168.36629877849532,168.53333677957454,54091700
2022-08-16,170.01702880859375,170.6851957704937,168.6708894053126,169.77138205657383,56377100
2022-08-17,171.51058959960938,173.08272003979997,169.56507124556938,169.76158567645695,79542000
2022-08-18,171.1174774169922,171.85441748337558,170.10541425860572,170.72444871215467,62290100
2022-08-19,168.53335571289062,170.71470043124475,168.3270058100883,170.01705694310306,70346300
2022-08-22,164.65213012695312,166.9022480242965,164.22960987091767,166.73521001384654,69026800
2022-08-23,164.3180389404297,165.77227866474297,163.74813661491604,164.17065687050786,54147100
2022-08-24,164.61279296875,165.18269520734955,163.35508285359487,164.40645810232692,53841500
2022-08-25,167.06924438476562,167.17732954023958,165.41850563907502,165.84101079669136,51218200
2022-08-26,160.7708740234375,168.07150295198872,160.71192120457525,167.59986540800332,78961000
2022-08-29,158.56991577148438,160.0634374134409,157.03708224821386,158.3439099366534,73314000
2022-08-30,156.14291381835938,159.7293506019625,154.97363281420544,159.3068453614504,77906200
2022-08-31,154.4823455810547,157.78383884788298,154.40373681361956,157.5185361319256,87991100
2022-09-01,155.20944213867188,155.66142374222144,151.97672265788725,153.91242016030444,74229900
2022-09-02,153.0968780517578,157.56765189981036,152.2715085702032,156.9682732301626,76957800
2022-09-06,151.83917236328125,154.35459275815265,151.0138028574181,153.7453935980758,73714800
2022-09-07,153.2442626953125,153.94189101263512,150.9351774352468,152.1241142058328,87449600
2022-09-08,151.7703857421875,153.63729493578492,150.0213671908206,151.9472441951636,84923800
2022-09-09,154.62974548339844,155.07192172535514,152.0553717736149,152.76283576903634,68028800
2022-09-12,160.58421325683594,161.39976240335073,156.5261384587271,156.81108213975503,104956000
2022-09-13,151.16119384765625,157.7445243311509,150.69937671737435,157.1156691952697,122656600
2022-09-14,152.6055908203125,154.3644300184662,150.9351958505273,152.0946413613245,87965400
2022-09-15,149.71678161621094,152.5368165999088,148.74403004784534,151.9570788549336,90481100
2022-09-16,148.07586669921875,148.71455728301882,145.78643705402317,148.57699569456918,162278800
2022-09-19,151.79000854492188,151.8686172901009,146.5037016211282,146.71003645827363,81474200
2022-09-20,154.16790771484375,155.3273682721185,150.41443284470995,150.7288529156578,107689800
2022-09-21,151.0432586669922,155.97584907691603,150.92535303740462,154.60021842835445,101696800
2022-09-22,150.0803680419922,151.78023962875704,148.28223174210513,149.7266360650785,86652500
2022-09-23,147.81056213378906,148.8324610577634,145.97312915554878,148.55733788432917,96029900
2022-09-26,148.14466857910156,151.0924300246352,147.03434030349507,147.0539962445305,93339400
2022-09-27,149.11741638183594,152.02588086273627,147.33893608818533,150.08036255735442,84442700
2022-09-28,147.23081970214844,148.01689223253555,142.317885128587,145.06913148839868,146691400
2022-09-29,139.9989776611328,144.16515152497595,138.2303182381293,143.55595244325275,128138200
2022-09-30,135.79351806640625,140.60820327947016,135.59700366840286,138.8198877735382,124925300
2022-10-03,139.96954345703125,140.57875771553063,135.29243378870405,135.80338333009652,114311700
2022-10-04,143.5559539794922,143.67385961125873,141.74798266491518,142.50457878595228,87830100
2022-10-05,143.85072326660156,144.8136692711772,140.51975411083046,141.56130887045842,79471000
2022-10-06,142.89764404296875,144.9709035584296,142.69130913468942,143.2710319630231,68402200
2022-10-07,137.65061950683594,140.60821619318722,137.02176437961742,140.05795483791823,85925600
2022-10-10,137.97486877441406,139.4192729060871,136.15709176712548,137.97486877441406,74899000
2022-10-11,136.55995178222656,138.88869341854974,135.8131909792421,137.46393012049913,77033700
2022-10-12,135.93109130859375,137.91592138284778,135.75423283314072,136.70734348798558,70433700
2022-10-13,140.5001220703125,141.08966528093347,132.0302118420066,132.63942598399592,113224000
2022-10-14,135.97039794921875,142.00348171103434,135.78370401470698,141.79713183786654,88598000
2022-10-17,139.93020629882812,140.41166429206842,137.82747089841786,138.6135434297954,85250900
2022-10-18,141.2469024658203,144.14553155258784,138.1615794221166,142.95660950013638,99136600
2022-10-19,141.35498046875,142.42599680685538,139.03607431855443,139.22276826600364,61758300
2022-10-20,140.8931427001953,143.34961008460004,140.16602295690015,140.52959032509128,64522000
2022-10-21,144.70558166503906,145.27548388473534,140.16601984417193,140.3821901686459,86548600
2022-10-24,146.8476104736328,147.61402706279983,143.45768863799606,144.6269694579804,75981900
2022-10-25,149.68728637695312,149.83468340940922,146.75918158114587,147.47646582788911,74732300
2022-10-26,146.74937438964844,149.34340346890698,145.4621728259598,148.33134005875115,88194300
2022-10-27,142.27857971191406,146.45457384887203,141.6202483177286,145.49164292829627,109180200
2022-10-28,153.02810668945312,154.75745443354808,145.24601935139384,145.6193922207591,164762400
2022-10-31,150.66989135742188,151.55422867895751,149.27461957607085,150.49303288896766,97943200
2022-11-01,148.02676391601562,152.74318573696127,146.5332420839713,152.37963325052954,80379300
2022-11-02,142.50457763671875,149.520247538893,142.47510122901483,146.35631650525693,93604600
2022-11-03,136.46168518066406,140.3134243600425,136.33394407491397,139.58630459413143,97918500
2022-11-04,136.19593811035156,140.41822196260875,132.25907054843208,139.84737436397546,140814800
2022-11-07,136.7274169921875,136.95378268582516,133.52871190234,134.94598671425354,83374600
2022-11-08,137.2982635498047,139.19779504119253,135.31999290082103,138.1939045722533,89908500
2022-11-09,132.74131774902344,136.3632434570898,132.4657382407741,136.3140296124831,74917800
2022-11-10,144.5519561767578,144.5519561767578,137.2982811810409,139.0108242882595,118854000
2022-11-11,147.33726501464844,147.64236984681628,142.09138720356083,143.51851370440974,93979700
2022-11-14,145.939697265625,147.90813128864986,145.10310679865555,146.61880940644215,73374100
2022-11-15,147.6719207763672,151.16589433590542,146.2152837355369,149.81752177217496,89868300
2022-11-16,146.44163513183594,147.50459125268796,144.96530968920132,146.77628031248196,64218300
2022-11-17,148.34121704101562,149.08921670380388,143.84333724490105,144.11891685845265,80389400
2022-11-18,148.9021759033203,150.28992540848853,147.60301733738748,149.90608139833125,74829600
2022-11-21,145.6739501953125,147.99670287508093,145.3885338782466,147.790025718782,58724100
2022-11-22,147.80970764160156,148.04592513732047,144.6110022662971,145.7920747269315,51804100
2022-11-23,148.6856689453125,149.43366845656658,146.98296272757275,147.09122719796105,58301400
2022-11-25,145.7724151611328,146.53026663651238,144.79803469278767,145.9692556043843,35195900
2022-11-28,141.94378662109375,144.32559012136235,141.11704788902577,142.8492645206864,69246000
2022-11-29,138.94192504882812,142.52447466230237,138.13487484288268,142.01267756953146,83763800
2022-11-30,145.69366455078125,146.3727767919922,138.3317244213744,139.16829999405587,111380900
2022-12-01,145.96922302246094,146.7762881829984,144.29605710134743,145.87081033178356,71250400
2022-12-02,145.4770965576172,145.66410017016838,143.35118446433725,143.65630431626485,65447400
2022-12-05,144.3157501220703,148.53803463745106,143.46932286260514,145.4377569527139,68826400
2022-12-06,140.65444946289062,144.9751613197971,139.68006926529813,144.74879562385667,64727200
2022-12-07,138.71554565429688,141.10718574311466,137.7903792762826,139.9458168978351,69721100
2022-12-08,140.3985595703125,141.25483863673134,138.87303512029186,140.11314322681335,62128300
2022-12-09,139.9163055419922,143.2724894333561,138.6761823933455,140.09345741010685,76097000
2022-12-12,142.2095184326172,142.21935519606154,138.8336463442299,140.44776160871248,70462700
2022-12-13,143.174072265625,147.60304951034107,141.96348935709867,147.14046624112265,93886200
2022-12-14,140.9497528076172,144.34529916781915,138.93210452988586,143.05597702965818,82291200
2022-12-15,134.34561157226562,139.5619643292127,133.88302841156911,138.88285224146853,98931900
2022-12-16,132.3870086669922,135.47744910553232,131.61932069307161,134.53260929976452,160156900
2022-12-19,130.2808074951172,133.06614357854048,129.24739159594094,132.9775676474043,79592600
2022-12-20,130.2119140625,131.14691722297425,127.83994745250583,129.31627297471567,77432800
2022-12-21,133.31219482421875,134.6507305969255,130.65481182459862,130.88117753836192,85928000
2022-12-22,130.1430206298828,132.43624823454394,128.24348886904642,132.22957105725172,77852100
2022-12-23,129.7788848876953,130.33004413506166,127.59392142994787,128.8537182862033,63814900
2022-12-27,127.97773742675781,129.33596171498522,126.68841553829142,129.3064364059333,69007800
2022-12-28,124.05071258544922,128.96195335269854,123.88339749624971,127.62341762114275,85438400
2022-12-29,127.56433868408203,128.42060248517595,125.7140138231083,125.96990478190652,75703700
2022-12-30,127.87930297851562,127.89899152283257,125.41876807644428,126.38330400552722,77034200
2023-01-03,123.09602355957031,128.8340031338152,122.21022673136561,128.22379338136977,112117500
2023-01-04,124.36566162109375,126.62936374107429,123.10586505340991,124.88729543343348,89113600
2023-01-05,123.04681396484375,125.75341088924934,122.79092293482029,125.12351256937882,80962700
2023-01-06,127.57420349121094,128.23362708296847,122.91886125861728,124.02118700839063,87754700
2023-01-09,128.09584045410156,131.30439758356596,127.83994943275363,128.41079711233908,70790800
2023-01-10,128.66665649414062,129.18829019036005,126.09785007666395,128.20407340232998,63896200
2023-01-11,131.38316345214844,131.40283698381694,128.40098644639082,129.17851145026387,69458900
2023-01-12,131.3043975830078,132.14097304777255,129.36548883237654,131.76698078856714,71379600
2023-01-13,132.63307189941406,132.7905502170586,129.58200833933589,129.94616380817476,57809700
2023-01-17,133.79446411132812,135.12314807764807,132.01303370787318,132.7019826183309,63646600
2023-01-18,133.07598876953125,136.42232060237055,132.8988218980733,134.6605787592018,69672800
2023-01-19,133.135009765625,134.09953801753062,131.65868457644117,131.9637893793328,58280400
2023-01-20,135.69403076171875,135.8416723635982,132.10164371877548,133.14491162634963,80223600
2023-01-23,138.88287353515625,141.0579999020067,135.72353008280908,135.94005904305521,81760300
2023-01-24,140.28045654296875,140.90051809732327,138.0856567013407,138.0954934654877,66435100
2023-01-25,139.62103271484375,140.18202862963406,136.61916767862735,138.6663409653264,65799300
2023-01-26,141.6878662109375,141.97328249331738,139.6603668579937,140.91032647908082,54105100
2023-01-27,143.6267852783203,144.9062704324847,140.82177572822627,140.90051489349364,70555800
2023-01-30,140.74305725097656,143.25281407268088,140.59543068062553,142.6721295386836,64015300
2023-01-31,142.0126953125,142.0619091768315,140.03442411726166,140.44779354531312,65874500
2023-02-01,143.13467407226562,144.29605796571016,139.08955653554688,141.69772563249788,77663600
2023-02-02,148.43960571289062,148.7939093931277,145.831421817907,146.5498959772077,118339000
2023-02-03,152.06153869628906,154.8960886893848,145.496812581912,145.6936529941079,154357300
2023-02-06,149.33526611328125,150.6836538403975,148.4002628109197,150.1620199448286,69858300
2023-02-07,152.20913696289062,152.77998456473935,148.26243261630023,148.26243261630023,83322600
2023-02-08,149.5222625732422,152.14028370808583,148.7840997356859,151.45133472995892,64120100
2023-02-09,148.48880004882812,151.89419715713953,148.04590544398496,151.3528748543498,56007100
2023-02-10,148.8535614013672,149.17885078358248,147.08912934244577,147.32570754066396,57450700
2023-02-13,151.65298461914062,152.0571182724141,148.7648180243575,148.79438841262413,62199000
2023-02-14,151.0122833251953,151.57415087909246,148.70570240485208,149.94770404483108,61707600
2023-02-15,153.1118621826172,153.279432747917,150.696851620169,150.923562968411,65573800
2023-02-16,151.51498413085938,154.09756497312395,151.16012443154224,151.3178281549916,68167900
2023-02-17,150.37156677246094,150.8151376986906,148.69584602843153,150.17442580979125,59144100
2023-02-21,146.3596954345703,149.13943294111823,146.29070285864162,148.05513496887053,58867200
2023-02-22,146.78353881835938,147.8086807909047,145.0585291708209,146.74410160351695,51011300
2023-02-23,147.2665252685547,148.1931042440918,145.1373820304515,147.94667430552937,48394200
2023-02-24,144.61495971679688,145.0881010134071,143.6390916917033,145.00924162382364,55469600
2023-02-27,145.80764770507812,147.03979725813033,145.34435826985944,145.60065500306268,44998500
2023-02-28,145.30494689941406,146.95109701970668,144.7332276594082,144.95008720013072,50547000
2023-03-01,143.23492431640625,145.12750429739225,142.9392054041828,144.73322244168676,55479000
2023-03-02,143.82638549804688,144.6149643784106,141.8450789930105,142.31823534576338,52238100
2023-03-03,148.87327575683594,148.9521351539883,145.22611512366896,145.92596783194648,70732300
2023-03-06,151.6332550048828,154.06798373466975,151.26854354881283,151.59381779613093,87558000
2023-03-07,149.4351043701172,151.83039589059405,148.9718149331636,151.50510660246357,56182000
2023-03-08,150.6869659423828,151.27840377958802,149.6618240709013,150.6278251668401,47204800
2023-03-09,148.4394989013672,152.33308799704253,148.0846392725452,151.36708707892726,53833600
2023-03-10,146.37937927246094,148.78453780981002,145.5020893181875,148.06496662146847,68572400
2023-03-13,148.32125854492188,150.9531285889032,145.59081050522525,145.69924028415588,84457100
2023-03-14,150.4109649658203,151.2093955139033,147.95653254628945,149.11967456920323,73695900
2023-03-15,150.80528259277344,151.06156433450928,147.77911548729296,149.03098388604963,77167900
2023-03-16,153.62442016601562,154.22570978036399,149.47453364061312,149.98711209240733,76161100
2023-03-17,152.7865447998047,154.50170239485772,152.07682545294745,153.85112382009055,98944600
2023-03-20,155.15231323242188,155.56632884505603,151.94872341311736,152.85559899795223,73641400
2023-03-21,157.0054473876953,157.1237289497417,154.3045697408097,155.07344501678244,73938300
2023-03-22,155.57614135742188,159.82459083880553,155.55642275206148,157.02515051318744,75701800
2023-03-23,156.6604461669922,159.24304236266408,155.428296373163,156.56188320802048,67622100
2023-03-24,157.96156311035156,158.0502742629719,155.59584212848588,156.5914134921843,59196500
2023-03-27,156.01971435546875,158.47416184588545,155.61556566491817,157.6560126824132,52390300
2023-03-28,155.39869689941406,156.22671283698608,153.75254688783264,155.71413440722972,45992200
2023-03-29,158.47418212890625,158.75018247951246,157.07446176772007,157.09416533498404,51305700
2023-03-30,160.04144287109375,160.14987263415844,158.96701206310877,159.2232937572216,49501700
2023-03-31,162.54518127441406,162.64375926608275,159.59788883873148,160.120319104618,68749800
2023-04-03,163.7970733642578,163.91535493872908,161.87492257463953,161.92421157763323,56976200
2023-04-04,163.26478576660156,164.4574983782598,162.75220722625122,164.22093523724538,46278300
2023-04-05,161.42144775390625,162.69303455117807,159.489445623491,162.38746386000238,51511700
2023-04-06,162.30860900878906,162.60432792623257,159.68659100348637,160.1104432538072,45390100
2023-04-10,159.7161865234375,159.7161865234375,157.79403581892626,159.11489681167845,47716900
2023-04-11,158.50375366210938,160.0414742096721,158.21788648492154,160.03162242596915,47644200
2023-04-12,157.81373596191406,159.7457382241708,157.49829842634344,158.9177372546322,50133100
2023-04-13,163.19577026367188,163.43234843413578,159.11489082873655,159.3218986080038,68445600
2023-04-14,162.85076904296875,163.94491858408577,161.48061917083933,162.23961256067847,49386500
2023-04-17,162.8704833984375,163.02820218114718,161.6876226098968,162.73248322378927,41516200
2023-04-18,164.09275817871094,165.019337094876,163.28446081239204,163.72804670609275,49923000
2023-04-19,165.23623657226562,165.7586669315568,163.1760704888179,163.43236729662357,47720200
2023-04-20,164.27017211914062,165.47275128415967,163.19574132050678,163.71817152684758,52456400
2023-04-21,162.66351318359375,164.07308551692935,162.141082804298,162.69308357933554,58337300
2023-04-24,162.9690704345703,163.2352190150396,161.54963139325648,162.64378106752824,41949600
2023-04-25,161.4313507080078,163.93507261234095,161.3919134894812,162.8310711478655,48714100
2023-04-26,161.42144775390625,162.91974586384254,160.47516529354857,160.73144699304368,45498800
2023-04-27,166.00511169433594,166.1529636805476,162.83109203591238,162.83109203591238,64902300
2023-04-28,167.2569122314453,167.42449781718415,165.48262879614657,166.08391841749662,55275900
2023-05-01,167.16819763183594,168.0159171618742,166.23176694003394,166.86262693627947,52472900
2023-05-02,166.13319396972656,167.91735928630777,165.14747425578494,167.6610625345139,48425700
2023-05-03,165.0587921142578,168.47924132633688,164.7729399649435,167.07952089132834,65136000
2023-05-04,163.42247009277344,164.65461977543495,161.96360907995128,162.535328337613,81235400
2023-05-05,171.0913848876953,171.8109560965244,168.32149974515366,168.5383592942621,113453200
2023-05-08,171.02236938476562,171.3673772990156,169.65221959190652,170.01693107088172,55962800
2023-05-09,169.3170928955078,171.06180609803263,169.14952233576255,170.57881302608763,45326900
2023-05-10,171.08154296875,171.5448325237521,169.44524432941884,170.54926084220077,53724500
2023-05-11,171.26881408691406,172.09681510347738,169.71137500858376,171.36739208260082,49514700
2023-05-12,170.3409423828125,171.8116866019269,168.79121464447562,171.3773676163626,45533100
2023-05-15,169.84739685058594,170.97267098611968,169.25514096380277,170.9233138186056,37266700
2023-05-16,169.84739685058594,170.9035679392614,169.58088019536424,169.768428394902,42110300
2023-05-17,170.45941162109375,170.69630196545663,168.21872838992437,169.4920742376562,57951600
2023-05-18,172.7888946533203,172.97644284674885,170.350798262134,170.7653713447007,65496700
2023-05-19,172.89747619628906,174.11158416944232,172.68031671339108,174.11158416944232,55809500
2023-05-22,171.9499053955078,172.45332751081392,171.2095929310653,171.73274586766902,43570900
2023-05-23,169.34397888183594,171.1404774028389,169.0675968111729,170.89370662105455,50747300
2023-05-24,169.620361328125,170.19287135053577,168.3174194294986,168.88004898113246,45143500
2023-05-25,170.75550842285156,171.65374258398057,169.47229739906246,170.18299842572435,56058300
2023-05-26,173.16397094726562,173.4995906286618,170.87394612033412,171.0812401864408,54835000
2023-05-30,175.00985717773438,176.67803022234617,174.28929064745816,174.6742524991613,55964400
2023-05-31,174.96051025390625,177.03339115324283,174.47683402760893,175.03947872320146,99625300
2023-06-01,177.76380920410156,177.79342049505456,174.64462268903534,175.40468096744894,68901800
2023-06-02,178.61270141601562,179.43198227661338,176.94452840385708,178.69166987914852,61996900
2023-06-05,177.26040649414062,182.56103856696868,175.74028990045602,180.27101332814428,121946500
2023-06-06,176.89517211914062,177.79340630920336,175.13815031318512,177.64534986625156,64848400
2023-06-07,175.52316284179688,178.86937468745242,175.02962118278163,176.13514967923302,61944600
2023-06-08,178.23760986328125,178.50411146672758,175.16778069465795,175.60208462454239,50214900
2023-06-09,178.62257385253906,179.8761586114367,178.29683460490384,179.15559212759166,48900000
2023-06-12,181.41603088378906,181.51474523727245,178.63246384356634,178.92859184232086,54274900
2023-06-13,180.9422149658203,181.7713612206094,180.08345742062403,180.4388079672042,54929100
2023-06-14,181.5739288330078,182.00824779635482,179.66886572578127,181.00141884147698,57462900
2023-06-15,183.6073455810547,184.11076766616947,181.4061542027307,181.5838370156226,65433200
2023-06-16,182.53143310546875,184.57470266619666,181.88983501651188,184.31805138125782,101256200
2023-06-20,182.62025451660156,183.69618663444365,182.02801364300083,182.02801364300083,49799100
2023-06-21,181.58384704589844,183.01511479137184,180.23153270863293,182.51169267844918,49515700
2023-06-22,184.5845489501953,184.63390612000734,181.29756025506936,181.3666633051449,51245300
2023-06-23,184.26869201660156,185.13733008755815,182.62026481317798,183.15329819733586,53117000
2023-06-26,182.8769073486328,185.6209974197008,182.83741558637178,184.4167547195407,48088700
2023-06-27,185.63084411621094,185.9565833444032,183.27171612569057,183.48887561115208,50730800
2023-06-28,186.80551147460938,187.4471095844542,185.17683008088284,185.50255431027165,51216800
2023-06-29,187.14109802246094,187.61490879718235,186.49949997485513,186.63769101872532,46347300
2023-06-30,191.4645538330078,191.96796090675178,188.7895513940242,189.15478246637608,85213200
2023-07-03,189.97401428222656,191.37567043424474,189.2830440838622,191.27695610256632,31458200
2023-07-05,188.85861206054688,190.4872931571664,188.15777642969255,189.09551742767218,46920300
2023-07-06,189.33241271972656,189.53970680413252,186.75612514844465,187.3878577490578,45094300
2023-07-07,188.217041015625,190.1813422528557,187.7827370048323,188.93762268666168,46815000
2023-07-10,186.17376708984375,187.5359467558433,184.62403920180722,186.8153651594175,59922200
2023-07-11,185.65061950683594,186.85486227702734,184.18974051380027,186.71667122446578,46638100
2023-07-12,187.31878662109375,189.22385000348103,186.03557542450565,187.22993768452707,60750200
2023-07-13,188.07882690429688,188.72044002337208,187.32864909209994,188.03935020331573,41342300
2023-07-14,188.22689819335938,188.71055932283986,187.18059240914323,187.77283329330808,41616200
2023-07-17,191.4842529296875,191.8099921548826,189.3324039740118,189.42123783678522,50520200
2023-07-18,191.22764587402344,191.81990188608006,189.93456914478574,190.8525644573039,48288200
2023-07-19,192.57994079589844,195.66950100927124,190.16157487576123,190.6057743707706,80507300
2023-07-20,190.6353759765625,193.93223012421538,190.01350876450033,192.57005054034346,59581200
2023-07-21,189.46075439453125,192.45161532627134,188.75991868585442,191.59285775033445,71951700
2023-07-24,190.26028442382812,192.3923877240068,189.76674282999198,190.9117629424984,45377800
2023-07-25,191.11904907226562,191.92846454581797,190.42809382758358,190.83280156435973,37283200
2023-07-26,191.98765563964844,193.11292972833346,190.82290485561143,191.1683748904412,47471900
2023-07-27,190.72422790527344,194.6528150463848,190.06288393124004,193.48806403406496,47460200
2023-07-28,193.30050659179688,194.09017617119656,191.63233355900982,192.15548645475204,48291400
2023-07-31,193.91249084472656,193.95198260711592,192.7378594315981,193.52752900074864,38824100
2023-08-01,193.0833282470703,194.1888565133771,192.75758901252786,193.7051954277144,35175100
2023-08-02,190.0924835205078,192.65889079076135,189.37191700535638,192.52069974591456,50389300
2023-08-03,188.70068359375,189.8851803589987,188.22688789998924,189.09552588996192,61235200
2023-08-04,179.63926696777344,184.9596445164711,179.57016391801557,183.12366926443607,115956800
2023-08-07,176.5398406982422,180.7645556934903,175.0592158617292,179.77747246914834,97576100
2023-08-08,177.4775848388672,177.94151520653074,175.2862586525361,177.3690050706545,67823000
2023-08-09,175.8883514404297,178.59294967088076,174.72358547458126,178.53372709089916,60378500
2023-08-10,175.67117309570312,178.41526279292168,175.30595718386297,177.16166309157035,54686900
2023-08-11,175.7305145263672,176.55090180538758,174.50488805624465,175.26597277471524,52036700
2023-08-14,177.38116455078125,177.60849603671858,175.2560608313475,175.90841909398483,43675600
2023-08-15,175.3944091796875,177.40089237300145,174.99904882828764,176.8078518459017,43622600
2023-08-16,174.524658203125,176.47182426987777,174.4554618287455,175.0781688700227,46964900
2023-08-17,171.9844207763672,175.4537562487029,171.47044012349116,175.08804707675128,66062900
2023-08-18,172.46873474121094,173.07166917955516,169.96804315644715,170.30410101859755,61172200
2023-08-21,173.80308532714844,174.08973444525807,171.7274205434044,173.0420157807921,46311900
2023-08-22,175.17698669433594,175.62177093693052,174.2083431088137,175.00895776189057,42038900
2023-08-23,179.02194213867188,179.44696895877536,176.2642675025049,176.45206899868776,52722800
2023-08-24,174.3368377685547,179.0021629998802,173.97111355320405,178.57713623123834,54945800
2023-08-25,176.541015625,177.07475372946672,173.78334110152613,175.3252679389123,51449600
2023-08-28,178.1027069091797,178.49806733287568,176.48170504077262,178.003859262239,43820700
2023-08-29,181.98716735839844,182.75813070921157,177.4206898063463,177.61837000977968,53003900
2023-08-30,185.47628784179688,185.67398314097,182.6000082560471,182.7976884731864,60813900
2023-08-31,185.69371032714844,186.9292303353549,185.30822868786927,185.664059053514,60794500
2023-09-01,187.26531982421875,187.7199827815663,186.09898099052413,187.29497110047913,45766500
2023-09-05,187.50254821777344,187.7793035443977,185.43676200045883,186.09899903788357,45280000
2023-09-06,180.7912139892578,186.66240873519862,179.36789222272253,186.21760937163043,81755800
2023-09-07,175.50314331054688,176.14562276256126,171.5297067502884,173.15070839406067,112488800
2023-09-08,176.115966796875,178.15211655476327,175.7304851357375,176.2840107997074,65551300
2023-09-11,177.28231811523438,178.21143169284028,175.28571330476424,177.98410020535158,58953100
2023-09-12,174.2577667236328,178.043402311121,172.79491507430095,177.4108165912451,90370200
2023-09-13,172.1919708251953,175.24617287306006,171.96462426919445,174.46531572894506,84267900
2023-09-14,173.70425415039062,174.060084556446,171.56927171405846,171.98440467411754,60895800
2023-09-15,172.98269653320312,174.45544195430384,171.806494041059,174.43566940930017,109259500
2023-09-18,175.9084014892578,177.30207170667876,174.12924962468128,174.4356561798522,67257600
2023-09-19,176.99569702148438,177.54920768301113,175.07816717117066,175.4636488877364,51826900
2023-09-20,173.4571533203125,177.61837681135137,173.36818440563272,177.18347129792434,58436200
2023-09-21,171.91519165039062,174.25774788080986,171.84601037143327,172.52801984046553,63149100
2023-09-22,172.7652587890625,175.02874030453424,172.03384046276338,172.64665367280514,56725400
2023-09-25,174.0403289794922,174.92001880772483,172.13267784152856,172.18210166869468,46172700
2023-09-26,169.96804809570312,173.1705067749598,169.67152023376326,172.7949188930673,64588900
2023-09-27,168.4557647705078,171.03553164114703,167.0917606780329,170.62039864934732,66921800
2023-09-28,168.71275329589844,170.03722730338785,165.67830850769053,167.37838547451082,56294400
2023-09-29,169.22671508789062,171.06516950648842,168.3667828862352,170.027329658855,51861100
2023-10-02,171.7373046875,172.28093658205415,168.9499639274405,169.23661305458424,52164500
2023-10-03,170.40292358398438,171.61868620307462,168.84123947337378,170.26454593815689,49594600
2023-10-04,171.64834594726562,172.19197782627828,168.98950418793981,169.10810929534875,53020300
2023-10-05,172.8838653564453,173.41760341955526,170.67968657288918,171.77682905786853,48527900
2023-10-06,175.43397521972656,175.9281832590251,171.17388925206592,171.78671747657816,57266700
2023-10-09,176.91661071777344,176.9759132731787,173.76356081110382,174.76185568517045,42390800
2023-10-10,176.3235626220703,177.63815795783916,175.8886570875863,176.03692856454262,43698000
2023-10-11,177.7172393798828,177.7666632072918,175.54272671219826,176.13576739500243,47551100
2023-10-12,178.61669921875,180.2278073787141,176.96603088257305,177.98411345020415,56743100
2023-10-13,176.77822875976562,179.82253713140665,176.07644667980117,179.31845034069394,51427100
2023-10-16,176.64974975585938,177.00558020178707,174.46534325240765,174.70256857703768,52517000
2023-10-17,175.09791564941406,176.35320838797153,172.77514673671925,174.60370757241088,57549400
2023-10-18,173.80308532714844,175.52293478970745,173.08154578913502,173.54610256783715,54764400
2023-10-19,173.42750549316406,175.77992569036093,173.16062890788183,174.0007735918687,59302900
2023-10-20,170.8773956298828,173.3879661145723,170.64017031492207,173.27923973046956,64244000
2023-10-23,170.99598693847656,171.99428177951037,167.96154224302492,168.93020088937016,55980100
2023-10-24,171.43087768554688,171.65820914819068,169.46392436745393,171.04539603931104,43816600
2023-10-25,169.11801147460938,171.0552987076063,168.67321213575732,169.88897487497013,57157000
2023-10-26,164.95675659179688,169.39475015606334,163.75088778515044,168.39644027726376,70625300
2023-10-27,166.27137756347656,167.00281099505466,164.89747962237493,164.97655472973753,58499100
2023-10-30,168.3173828125,169.18719386762373,166.91383366211736,167.06210513671374,51131000
2023-10-31,168.79183959960938,168.92032345051314,165.95507483465602,167.3882903979478,44846000
2023-11-01,171.95472717285156,172.21170989502042,168.1493196629443,169.01913054110156,56934900
2023-11-02,175.5130615234375,175.7206204672586,173.42750286114074,173.4868054165182,77334800
2023-11-03,174.6037139892578,174.77175801380423,171.34195262679097,172.2216424329047,79829200
2023-11-06,177.15382385253906,177.35150406781844,174.16881791314302,174.33684685023218,63841300
2023-11-07,179.71385192871094,180.32666518466948,176.896859550255,177.10441851925728,70530000
2023-11-08,180.7714080810547,181.32491864766183,179.48646421884135,180.23767005812115,49340300
2023-11-09,180.2969970703125,181.98718027395728,179.70394133589065,180.8406289798602,53763500
2023-11-10,184.48348999023438,184.65175539538808,181.6430032262288,182.07848170612579,66133400
2023-11-13,182.8999481201172,184.11729742228064,182.31601793716675,183.9094650326421,43627500
2023-11-14,185.51278686523438,186.17589626502485,184.38450869065176,185.7701081675421,60108400
2023-11-15,186.0769500732422,187.55163591900057,185.84931907084464,185.91860660743325,53790500
2023-11-16,187.7594451904297,188.99659293267834,186.71033121940587,187.62088524737388,54412900
2023-11-17,187.7396697998047,188.42257785422723,186.63119011836693,188.29390964052354,50922700
2023-11-20,189.48155212402344,189.9368291546864,187.9277023558229,187.93759410143886,46505100
2023-11-21,188.6798858642578,189.55084275358138,187.78914548337832,189.44197314241592,38134500
2023-11-22,189.34303283691406,190.9463718813115,188.8679722130009,189.52119000957208,39617700
2023-11-24,188.0167999267578,188.93723076179566,187.30420149232032,188.90754041885276,24048300
2023-11-27,187.83860778808594,188.70956462396614,186.9577592070347,187.96727598481397,40552600
2023-11-28,188.44235229492188,189.1153685705385,187.45263402635211,187.82873180101734,38415400
2023-11-29,187.42295837402344,190.11499348364924,187.02707707633283,188.93722623545,43014200
2023-11-30,187.9969940185547,188.36320007044645,186.2550951920731,187.88812439803064,48794400
2023-12-01,189.2737274169922,189.59042941044567,187.2843840288066,188.37308016671426,45704800
2023-12-04,187.48233032226562,188.09596593756666,185.52269231677565,188.02667840765253,43389500
2023-12-05,191.43130493164062,192.40122460244103,188.22461231756913,188.25431775925796,66628400
2023-12-06,190.34263610839844,192.75753614335477,190.1347886146608,192.45072587794942,41089700
2023-12-07,192.27256774902344,192.99505783958267,191.5995514892092,191.63914867608756,47477700
2023-12-08,193.69775390625,193.97487379172213,191.67872033849463,192.20326977184553,53406400
2023-12-11,191.1937713623047,191.5005967167582,189.4518726145205,191.12449893522992,60943700
2023-12-12,192.70806884765625,192.71796059458774,189.7488055095461,191.09482308550778,52696900
2023-12-13,195.9246368408203,195.96421892707963,192.8466123940007,193.08413511536142,70404200
2023-12-14,196.0730743408203,197.5675433947849,194.1431268600313,195.98400332676113,66831600
2023-12-15,195.53863525390625,196.36008808380646,194.97448862167192,195.49903806818725,128538400
2023-12-18,193.8759307861328,194.6083278162061,192.39135323196817,194.07387143964067,55751900
2023-12-19,194.91513061523438,194.92502236186388,193.87592334681435,194.1431515248431,40714100
2023-12-20,192.8268280029297,195.6475162401682,192.8268280029297,194.87553713507947,52242800
2023-12-21,192.6783447265625,195.0536776254948,191.51048442189503,194.08375795359612,46482500
2023-12-22,191.60946655273438,193.40085423729087,190.98593919883143,193.17320815773428,37149600
2023-12-26,191.06515502929688,191.89651492562427,190.847415756177,191.6193949601818,28919300
2023-12-27,191.16407775878906,191.51048519395766,189.12526053943682,190.51087517820892,48087700
2023-12-28,191.58969116210938,192.65858885458314,191.18390299052217,192.14393105407996,34049900
2023-12-29,190.55047607421875,192.40124458871406,189.75869835988954,191.90638540499626,42672100
2024-01-02,183.7313232421875,186.50253778362813,181.99931604152513,185.22579259007347,82488700
2024-01-03,182.35562133789062,183.9688672168001,181.5440449736598,182.32593099304364,58414500
2024-01-04,180.03965759277344,181.2075179249861,179.0202489631632,180.27718031693732,71983600
2024-01-05,179.317138671875,180.8808952614232,178.31752871293088,180.1188231104021,62379700
2024-01-08,183.65213012695312,183.6917273170526,179.63387614033877,180.21780632812883,59144500
2024-01-09,183.23648071289062,183.24637246110882,180.85125552651314,182.02902294642178,42841800
2024-01-10,184.27565002441406,184.48348240733844,182.02898528742006,182.45457200324566,46792900
2024-01-11,183.6818084716797,185.12680377786887,181.73206228896322,184.6220377994394,49128400
2024-01-12,184.00843811035156,184.82001442518902,183.28594792653803,184.14699807850627,40477800
2024-01-16,181.74195861816406,182.36547081733983,179.06970738606304,180.28707165025173,65603000
2024-01-17,180.80172729492188,181.04915686376333,178.44620806884475,179.40623600410183,47317400
2024-01-18,186.69058227539062,187.1953332109462,183.9193677995691,184.17668914088887,78005800
2024-01-19,189.59043884277344,189.97642838325277,186.8786203129096,187.38337121910467,68903000
2024-01-22,191.896484375,193.32168117146784,190.2832386815117,190.32283587135973,60133900
2024-01-23,193.17320251464844,193.7373491711095,191.83709192633378,193.01485907067706,42355600
2024-01-24,192.50021362304688,194.36088890095834,192.34185506707502,193.41075266703035,53631300
2024-01-25,192.17359924316406,194.2520137003454,191.124500268323,193.21280647175473,54822100
2024-01-26,190.44158935546875,192.7575265029299,189.96652881027472,192.27257421163478,44594000
2024-01-29,189.75868225097656,190.22385105233468,187.63079398239137,190.03580216218106,47145600
2024-01-30,186.1066131591797,189.82796344587697,185.54248160944437,188.9768051464624,55859400
2024-01-31,182.50401306152344,185.17626403445416,182.4545392376468,185.11686826238252,55467800
2024-02-01,184.9387969970703,185.02786803640066,181.9300594428576,182.09830977333903,64885400
2024-02-02,183.93914794921875,185.40392677166545,177.4070012757119,178.01073002917815,102551700
2024-02-05,185.7503204345703,187.30418539055444,183.9292424150712,186.21548923655902,69668800
2024-02-06,187.3536834716797,187.36357521832525,184.8496972971495,184.93876832266957,43490800
2024-02-07,187.4625701904297,189.085707800641,186.67079243137192,188.679919622612,53439000
2024-02-08,186.38375854492188,187.59120098390878,185.42373058041275,187.44274927884152,40962000
2024-02-09,187.14678955078125,188.27650741663936,186.30444955485706,186.9485812309131,45155200
2024-02-12,185.4621124267578,186.96840797825126,185.10535861511914,186.72066269575697,41781900
2024-02-13,183.3711700439453,184.53063145226378,181.85496988989732,184.09459726813964,56529500
2024-02-14,182.48916625976562,183.8567250370981,180.7945970211484,183.648627470826,54630500
2024-02-15,182.20181274414062,182.82613576875198,179.71445525689393,181.8946109768474,65434500
2024-02-16,180.665771484375,183.18287207946292,180.0315441516518,181.76576116844507,49752500
2024-02-20,179.92254638671875,180.78469520216953,178.3766181157698,180.15046783149373,53665600
2024-02-21,180.67572021484375,181.24057170015067,179.03068760645021,180.29914247718926,41371400
2024-02-22,182.70721435546875,183.29190480468338,180.81445159653885,181.82524161821627,52292200
2024-02-23,180.87391662597656,183.37117869088894,180.58652357235425,183.3414504606763,45119700
2024-02-26,179.52615356445312,181.11171437415507,179.0207434868858,180.59641504961763,40867400
2024-02-27,180.98291015625,182.26126931281985,177.94059046680667,179.46671005654383,54318900
2024-02-28,179.78382873535156,181.4684939502017,178.50546948959806,180.86399474191828,48953900
2024-02-29,179.11984252929688,180.9234354771045,177.9108443188521,179.63515696026653,136682600
2024-03-01,178.03968811035156,178.90183692569335,175.78025215753124,177.93067957222544,73563100
2024-03-04,173.5208282470703,175.30458245485661,172.2226300679557,174.56134649455421,81510100
2024-03-05,168.5857391357422,170.48842147609815,168.09024847040442,169.21996658252752,95132400
2024-03-06,167.5947265625,169.6956168742887,167.1586924388991,169.51723240501005,68587700
2024-03-07,167.475830078125,169.1902233947002,166.97043508778398,167.62447121611535,71765100
2024-03-08,169.1902313232422,172.13344696276567,167.41638146834518,167.47583792632756,76267000
2024-03-11,171.19200134277344,172.8073055285168,170.49831753088682,171.3802901891083,60139500
2024-03-12,171.66766357421875,172.46045153320196,169.4676841705973,171.58838326620315,59825400
2024-03-13,169.5866241455078,171.62804307697533,169.21995080494636,171.21183277143888,52488700
2024-03-14,171.43972778320312,172.7379105857579,170.49829877625797,171.35054311459356,72913500
2024-03-15,171.0631866455078,171.0631866455078,168.75419840900892,169.6262667891251,121752700
2024-03-18,172.15325927734375,176.107279800922,171.95506605696912,173.98658058844927,75604200
2024-03-19,174.49195861816406,175.0171774056643,171.4694631572472,172.76764601394297,55215200
2024-03-20,177.05860900878906,177.05860900878906,173.51089450186836,174.1352174960067,53423100
2024-03-21,169.82443237304688,175.88924720546055,169.2992135808601,175.4532130863986,106181300
2024-03-22,170.72625732421875,171.48931715990707,168.5262776263353,170.210942813777,71160100
2024-03-25,169.30914306640625,170.3893089389317,167.92176032191367,169.03166954174233,54288300
2024-03-26,168.17945861816406,169.87402832990531,168.0506261984825,168.4668365684045,57388400
2024-03-27,171.74696350097656,172.0343565405087,168.57582642397568,168.87312383270142,60273300
2024-03-28,169.93344116210938,170.67667701496117,168.97218824939392,170.2010103030642,65672700
2024-04-01,168.49652099609375,169.70551918920845,167.95147834818596,169.64606274055888,46240500
2024-04-02,167.31727600097656,167.81276664190898,166.71277681419204,167.5551169522469,49329500
2024-04-03,168.11996459960938,169.14067408704202,167.05962251511946,167.2677201117247,47691700
2024-04-04,167.29745483398438,170.3694875068381,167.29745483398438,168.7541832986243,53704400
2024-04-05,168.05059814453125,168.85329051832247,167.42627513328318,168.06050251317026,42104800
2024-04-08,166.93081665039062,167.67405271305591,166.72271902070312,167.5055876867263,37425500
2024-04-09,168.13980102539062,168.54610700117138,166.8317135282985,167.17854792228746,42373800
2024-04-10,166.26683044433594,167.5650134431552,165.60287483124418,167.27763553824258,49709300
2024-04-11,173.4613494873047,173.87757491447604,166.64340884278624,166.8217782077108,91070300
2024-04-12,174.95774841308594,176.7514221146486,172.63885584160187,172.68839280877705,101670900
2024-04-15,171.13253784179688,175.03700600653332,170.94424900321735,173.7784557074799,73531800
2024-04-16,167.8524169921875,172.1929047923956,166.75242714722782,170.20103782824683,73711200
2024-04-17,166.48483276367188,169.1109267558204,166.48483276367188,168.08031301583728,50901200
2024-04-18,165.53350830078125,167.11908441586118,165.04793714543356,166.5145852231191,43122900
2024-04-19,163.5119171142578,164.89928490796945,162.60021611822233,164.71101115974596,68149400
2024-04-22,164.3443603515625,165.75155219869828,163.2840180610573,164.02725414997124,48116400
2024-04-23,165.394775390625,165.54343166054898,163.4326366212621,163.8587664496344,49537800
2024-04-24,167.4956512451172,167.77312477902248,164.71099641624178,165.03800691456527,48251800
2024-04-25,168.3577880859375,169.07129572836638,166.63347542987228,168.00103426472305,50558300
2024-04-26,167.7731170654297,169.79471202253325,167.6541890412428,168.3478879652858,44838400
2024-04-29,171.9352569580078,174.44243845784558,171.5388704832316,171.8064245491769,68169400
2024-04-30,168.7938232421875,173.4117990890393,168.46679764398493,171.76676673002254,65934800
2024-05-01,167.7731170654297,171.15236652369296,167.58482822154218,168.05059058657778,50383100
2024-05-02,171.469482421875,171.8559644998941,169.34878317714927,170.95416794412498,94214900
2024-05-03,181.7261199951172,185.31346675883958,181.01261238934663,184.96661732338913,163224100
2024-05-06,180.07122802734375,182.53876191493006,178.7928536161005,180.70545548743195,78569700
2024-05-07,180.7549591064453,183.2324120279765,179.68471275097576,181.79549235772294,77305800
2024-05-08,181.0919189453125,181.4189445721307,179.81354466582562,181.20092748758523,45057100
2024-05-09,182.90542602539062,182.99461071341904,180.46760537105857,180.9135439323752,48983000
2024-05-10,181.64515686035156,183.66949389545601,180.7322193628195,183.48094965782863,50759500
2024-05-13,184.85035705566406,185.6640710757596,183.2030934113359,184.01680743143146,72044800
2024-05-14,185.99156188964844,186.85489537420972,184.86031142110292,186.07094974694633,52393600
2024-05-15,188.26397705078125,189.18683240943687,185.9320062923224,186.46787049037354,70400000
2024-05-16,188.38304138183594,189.6333810173086,188.2044300863017,189.00821119957226,52845200
2024-05-17,188.41281127929688,189.34559954047234,187.72810435814964,188.0555735439889,41282900
2024-05-20,189.57383728027344,190.44708847543168,187.55941793463836,187.8769693298537,44361300
2024-05-21,190.87376403808594,191.25083732912466,189.4547310855792,189.62342455766938,42309400
2024-05-22,189.43490600585938,191.3401840301744,188.8097513226368,190.79440205142186,34648500
2024-05-23,185.44573974609375,189.53411475837095,185.19765844405399,189.51426401453708,51005900
2024-05-24,188.52194213867188,189.11734333076396,186.59682877814635,187.37085638453854,36327000
2024-05-28,188.53189086914062,191.5187845976106,187.64872194997955,190.04021443649896,52280100
2024-05-29,188.82957458496094,190.7745388343773,188.05556206266323,188.15480064928906,53068000
2024-05-30,189.8218994140625,190.70506832278696,189.16697622567534,189.29596821795033,49889100
2024-05-31,190.77455139160156,191.09210277636024,188.45251367186646,189.9707702687458,75158300
2024-06-03,192.54087829589844,193.49351725389894,191.04247253185534,191.41954585254337,50080500
2024-06-04,192.85842895507812,193.82098571162214,191.54855228534223,193.14619663099631,47471400
2024-06-05,194.3667449951172,195.38883880770499,193.37441972917316,193.90035090878894,54156800
2024-06-06,192.9874267578125,194.9919281725913,192.67980832687616,194.1881470745491,41181800
2024-06-07,195.37893676757812,195.42855606321456,192.65004206608782,193.1561225415401,53103900
2024-06-10,191.6378631591797,195.7857909182053,190.6753063763642,195.3888517006261,97010200
2024-06-11,205.56019592285156,205.57012886730556,192.14396771907968,192.1638033246204,172373300
2024-06-12,211.4347686767578,218.51003809526938,205.3121079690946,205.77850209290926,198134300
2024-06-13,212.59579467773438,215.08652592836702,209.9760562824749,213.09195736730385,97862700
2024-06-14,210.85922241210938,213.5186471242216,209.67835280423736,212.20878551515116,70122700
2024-06-17,215.00714111328125,217.26964179829142,211.08745883873982,211.7324642876032,93728300
2024-06-18,212.64540100097656,216.95210469802018,211.36530791117931,215.92007781385274,79943300
2024-06-20,208.07077026367188,212.59578653831548,207.24715355520107,212.28815296354617,86172500
2024-06-21,205.8975830078125,210.26380829361358,205.52049454653314,208.77532033595196,241805100
2024-06-24,206.54261779785156,211.06761941054305,205.0045103276704,206.12584292738626,80727000
2024-06-25,207.46546936035156,209.75773850908567,207.0089930344414,207.54484206411715,55549700
2024-06-26,211.61337280273438,213.21101716086312,209.02340313251779,209.87680350658064,66213200
2024-06-27,212.4568634033203,214.0842763709762,210.7202940415425,213.04233172557286,49772700
2024-06-28,209.0035400390625,214.41172478378184,208.6860038316288,214.11402417940656,82542700
2024-07-01,215.0865020751953,215.84066382869798,210.29356920849017,210.4622626872336,60402900
2024-07-02,218.57949829101562,218.68865467979296,213.4491783018458,214.49110775455017,58046200
2024-07-03,219.8496856689453,219.8496856689453,217.34902153194005,218.31157833867707,37369800
2024-07-05,224.6029052734375,224.71206166235044,219.94889718329503,219.94889718329503,60412400
2024-07-08,226.07156372070312,226.1013322692385,221.53662969916704,225.34715532852172,59085900
2024-07-09,226.92494201660156,227.63941744293055,224.63267299949706,226.18069804264906,48076100
2024-07-10,231.1919403076172,231.29117889263895,227.49057123987387,227.54019053238477,62627700
2024-07-11,225.82350158691406,230.6065022056456,224.0373128145247,229.61417679228308,64710600
2024-07-12,228.7706756591797,230.8545649156238,226.92494993371525,227.16311346469493,53046500
2024-07-15,232.60105895996094,235.409341553401,231.30111515749465,234.66509753137677,62631300
2024-07-16,233.01785278320312,234.4567215545301,230.54695713829173,233.19646408342908,43234300
2024-07-17,227.12344360351562,229.6836449661141,224.9006292447048,227.6890612108438,57345900
2024-07-18,222.45948791503906,228.67145424701283,220.56415801938329,228.51267855827928,66034600
2024-07-19,222.58848571777344,225.05938116686082,221.5663918696606,223.09458131167176,49151500
2024-07-22,222.24119567871094,226.03187070395737,221.3778623137636,225.26777593230437,48201800
2024-07-23,223.28314208984375,225.19833806517673,220.9710219946754,222.6480544130964,39960300
2024-07-24,216.86276245117188,223.07472846403482,215.4635952984219,222.2808652028311,61777600
2024-07-25,215.8208465576172,219.15506035064124,212.97286249707204,217.24978234747041,51391200
2024-07-26,216.28724670410156,217.80550332568987,214.35220009781358,217.02155779536062,41601300
2024-07-29,216.56509399414062,217.61695646267233,214.0941983741811,215.29491873308154,36311800
2024-07-30,217.12078857421875,218.63904514115285,214.46134877521007,217.50779485320817,41643800
2024-07-31,220.3756103515625,222.10226187087767,218.93674165630796,219.7405227481965,50036300
2024-08-01,216.6841583251953,222.7571844619209,215.35444602521784,222.64802807062824,62501000
2024-08-02,218.17266845703125,223.8686218452105,216.03917485082664,217.468110743228,105568600
2024-08-05,207.6639404296875,211.8614726265992,194.4957781490091,197.562059997048,119548600
2024-08-06,205.6395721435547,208.3783997216886,199.52685967053256,203.72439154098564,69660500
2024-08-07,208.209716796875,212.00039184379946,204.80603289763474,205.31211338628992,63516400
2024-08-08,211.6729278564453,212.55609685346144,207.22731432081122,211.4744658055274,47161100
2024-08-09,214.58045959472656,215.11630867247783,210.34322570654538,210.47223285968454,42201600
2024-08-12,216.1103973388672,218.07747160820446,214.1929998012183,214.65993379251097,38028100
2024-08-13,219.82598876953125,220.44193777769505,217.58072790378117,217.58072790378117,44155300
2024-08-14,220.27305603027344,221.57450454206742,218.2662343099079,219.13056699635618,41960600
2024-08-15,223.25344848632812,223.87934187315213,221.30623303799138,223.1342364732981,46414000
2024-08-16,224.57479858398438,225.34970708383625,222.19045191126241,222.45869413327577,44340200
2024-08-19,224.41583251953125,224.51518597934856,221.58442566604344,224.2469437652095,40687800
2024-08-20,225.0317840576172,225.68748051768907,223.97870407222223,224.29662301984854,30299000
2024-08-21,224.92251586914062,226.49220666639903,223.58133501497932,225.04174306182065,34765500
2024-08-22,223.06471252441406,226.84984597984075,222.43881906323927,226.30343225653021,43695300
2024-08-23,225.359619140625,226.7306179936649,222.8660050723941,224.18732719786422,38677300
2024-08-26,225.69740295410156,225.79675641202357,222.4288803537143,225.28014571740593,30602200
2024-08-27,226.5418701171875,227.35652605602343,223.4223624308928,224.52511915345738,35934600
2024-08-28,225.01190185546875,228.35990394020044,224.2071752885293,226.43256221050876,38052200
2024-08-29,228.29039001464844,231.3999685703833,227.38634017099784,228.59837969678284,51906300
2024-08-30,227.5055389404297,228.89639643358683,225.99545426270925,228.68777538921813,52990800
2024-09-03,221.31619262695312,227.50553099413642,219.7266282681139,227.05847075546578,50190600
2024-09-04,219.4087371826172,220.33266071869627,216.06071952153204,220.21344869061124,43840200
2024-09-05,220.92872619628906,224.00848612752256,220.07433805346514,220.18362078658942,36615400
2024-09-06,219.37893676757812,223.77009004470926,218.33578603187902,222.48850009081283,48423000
2024-09-09,219.46832275390625,219.82597396405737,215.29573540828238,219.37891374117063,67180000
2024-09-10,218.67355346679688,220.03460793809228,215.31560663834654,217.49131703149231,51591000
2024-09-11,221.2069091796875,221.63409569372266,216.46803428284608,220.01474349397893,44587100
2024-09-12,221.31619262695312,222.09110108310472,218.38544755210194,221.04795042006705,37455600
2024-09-13,221.04795837402344,222.57790161811045,220.46181236980377,222.12091208096655,36766600
2024-09-16,214.90829467773438,215.80241517960704,212.52394807405793,215.126845002842,59357400
2024-09-17,215.37522888183594,215.4845116318028,213.10018001697546,214.34202255786693,45519300
2024-09-18,219.24977111816406,221.25659276615585,216.12031904206836,216.13026348358338,59894900
2024-09-19,227.37637329101562,228.32018565098164,223.16405353373213,223.52170475455895,66781300
2024-09-20,226.71075439453125,231.56884144729943,226.1345376792504,228.46920754640476,318679900
2024-09-23,224.99205017089844,227.95259834339626,224.33635371548323,225.8563676699032,54146000
2024-09-24,225.88616943359375,227.85325878901892,224.25687274556688,227.15781488965328,43556100
2024-09-25,224.89271545410156,225.80670975939722,222.55806053621265,223.46211039913067,42308700
2024-09-26,226.03518676757812,227.00878694842402,223.93895622483703,225.81662129607273,36636700
2024-09-27,226.3034210205078,228.02214184296878,225.8166284941723,226.9690618971705,34026000
2024-09-30,231.4794464111328,231.4794464111328,228.15130238402674,228.53875664504176,54541900
2024-10-01,224.73374938964844,228.15128705136544,222.2798675150603,228.02214574584622,63285000
2024-10-02,225.300048828125,225.8861948923753,221.56459177484206,224.4158575104421,32880600
2024-10-03,224.19725036621094,225.3298099915582,221.86259582618194,223.6707104185886,34044200
2024-10-04,225.31988525390625,226.51205091107013,222.66731173997377,226.41269745663615,37245100
2024-10-07,220.24322509765625,224.2171205854488,219.8855738973866,223.0348842523572,39505400
2024-10-08,224.29661560058594,224.5052366387564,221.79305702807565,222.83620769655573,31855700
2024-10-09,228.04202270507812,228.25065892191472,223.36276850208282,223.76015205132026,33591100
2024-10-10,227.54530334472656,228.0023081050994,225.6875116111143,226.29353142421093,28183500
2024-10-11,226.06500244140625,227.91286461183438,225.85636623992795,227.80358186995707,31759200
2024-10-14,229.79054260253906,230.21772915238438,227.1081657950345,227.2075041009655,39882100
2024-10-15,232.3238983154297,235.9401430278398,230.85354589755886,232.08545910083197,64751400
2024-10-16,230.2673797607422,230.60515724916505,228.34003796565733,230.0885617348273,34082200
2024-10-17,230.63499450683594,232.32391251820164,229.0156421145612,231.9066400773438,32993800
2024-10-18,233.46636962890625,234.6386615701971,232.4828249974097,234.6386615701971,46431500
2024-10-21,234.93670654296875,235.3043021987925,232.91995571367772,232.91995571367772,36254500
2024-10-22,234.32078552246094,234.67843677993508,231.0820656392084,232.36364046895116,38846600
2024-10-23,229.25405883789062,233.60547988580885,226.27363678517082,232.55239985265487,52287000
2024-10-24,229.0653076171875,229.3136761173618,226.91940013747097,228.47914643577636,31109500
2024-10-25,229.89981079101562,231.69799621804017,228.07182235817814,228.2407111108546,38802300
2024-10-28,231.87680053710938,233.19812263375962,231.03235682367705,231.79733596578163,36087100
2024-10-29,232.14505004882812,232.80074647701065,230.80386934668286,231.57877779482254,35417200
2024-10-30,228.59835815429688,231.94636045913163,228.05194445904854,231.09197226998216,47070900
2024-10-31,224.4357147216797,228.33013097812315,223.89923027313517,227.84332326136388,64370100
2024-11-01,221.45529174804688,223.87937072005496,218.83252100898451,219.52794977327943,65276700
2024-11-04,220.56114196777344,221.33605042122997,218.2761640538016,219.54780947276666,44944500
2024-11-05,221.9917449951172,222.4884819564664,219.6968226591573,220.35251908634842,28111300
2024-11-06,221.26654052734375,224.59468464196172,219.74652645114676,221.1572577760193,54561100
2024-11-07,225.9954376220703,226.39283627600352,223.1044401056504,223.16404611393824,42137700
2024-11-08,225.72691345214844,227.41767417057122,225.17989861433574,225.93576400556717,38328800
2024-11-11,223.01174926757812,224.47376393957063,220.29658566640109,223.77757009002366,42005600
2024-11-12,223.01174926757812,224.36436096493557,222.14648085284745,223.33001798502116,40398300
2024-11-13,223.89691162109375,225.4185978724207,221.54973296285615,222.79294167641658,48566200
2024-11-14,226.98007202148438,227.62653447284012,223.77756520755418,223.7974607959322,44923900
2024-11-15,223.77755737304688,225.6871240415238,223.05152776948486,225.1699449930133,47923700
2024-11-18,226.7811737060547,228.49183017609323,223.94665165924164,224.0262188410909,44633700
2024-11-19,227.0397491455078,228.90953992555222,225.4285554930197,225.74680903538962,36211800
2024-11-20,227.75584411621094,228.68078414631773,224.6627401240164,226.82094870348703,35169600
2024-11-21,227.27847290039062,228.90956230117874,224.4837418395179,227.63651765548505,42108300
2024-11-22,228.62109375,229.46648170496493,226.82093004738374,226.82093004738374,38168300
2024-11-25,231.6048126220703,231.98275293866183,228.49182822914253,230.20248468460477,90152800
2024-11-26,233.78292846679688,234.2901673751303,232.0623317186483,232.0623317186483,45986200
2024-11-27,233.6536102294922,234.40949083683986,232.53970008294309,233.19611792325418,33498400
2024-11-29,236.04058837890625,236.51797629056327,232.698842645531,233.5342752849028,28481400
2024-12-02,238.2882843017578,239.4817615684827,235.8714939748314,235.98089694287458,48137100
2024-12-03,241.33168029785156,241.441083276618,237.60205398884364,238.50711361537608,38861000
2024-12-04,241.68971252441406,242.78374225546824,239.9392801306149,241.55047375645148,44383900
2024-12-05,241.71954345703125,243.21139387343032,240.81449907142343,242.66439419479377,40033900
2024-12-06,241.52066040039062,243.30094393033409,240.76479490063875,241.59028737878447,36870600
2024-12-09,245.40939331054688,245.89673657618508,240.43655859300793,240.51612576959502,44649200
2024-12-10,246.42384338378906,246.8614552449502,244.00703794178958,245.54861966146674,36914800
2024-12-11,245.15081787109375,249.43739908317045,244.92205654138039,246.61283253090062,45205800
2024-12-12,246.61282348632812,247.38858448031883,244.3451969163318,245.54862958315107,32777500
2024-12-13,246.7819061279297,247.9355922748061,244.90217516923994,246.47359279661413,33155300
2024-12-16,249.67608642578125,250.01425073054844,246.3045049916291,246.6426692963963,51694800
2024-12-17,252.1028289794922,252.45093348613432,248.42293425963442,248.72130738305802,51356400
2024-12-18,246.70233154296875,252.89847930582897,246.39401822090946,250.79000225751088,56774100
2024-12-19,248.43289184570312,250.63089166027345,245.74756389880645,246.15534002348284,60882300
2024-12-20,253.1073455810547,253.61456925624782,244.35515348919105,246.6923766885693,147495300
2024-12-23,253.88311767578125,254.26104280923545,252.07299848460428,253.38583418491564,40858800
2024-12-24,256.79718017578125,256.80710520536127,253.90297174117552,254.10189725758943,23234700
2024-12-26,257.6127014160156,258.6868506395932,256.2302692406472,256.7872242633273,27237100
2024-12-27,254.20135498046875,257.29447387899233,251.68510189149424,256.4291751646687,42355300
2024-12-30,250.8297882080078,252.1227283114492,249.38766912858338,250.85962400320443,35557500
2024-12-31,249.05946350097656,251.90392569582917,248.07483671879714,251.0684930674946,39480700
2025-01-02,242.52517700195312,247.74665392379396,240.5062071395791,247.57756417344766,55740700
2025-01-03,242.03782653808594,242.85336358935695,240.5758118291158,242.03782653808594,40244100
2025-01-06,243.6688995361328,245.98624232017474,241.8786760145675,242.9826459215422,45045600
2025-01-07,240.89405822753906,244.21590806857427,240.0387300769128,241.65986382248775,40856000
2025-01-08,241.38140869140625,242.38593107741448,238.74581220273618,240.6056476428208,37628900
2025-01-10,235.56320190429688,238.85521627248303,231.73411285331812,238.70602211575698,61710900
2025-01-13,233.1265106201172,233.39504797306242,228.4719441071402,232.26124214226888,49630700
2025-01-14,232.01258850097656,234.8371551382162,231.20699165927476,233.47460320476435,39435300
2025-01-15,236.57763671875,237.66172623332486,233.15632396556444,233.36518970349533,39832000
2025-01-16,227.0198516845703,236.7168796666606,226.79110553013876,236.06047699847062,71759100
2025-01-17,228.7305145263672,231.0279618693864,227.2386640256131,230.85888730040747,68488300
2025-01-21,221.4303741455078,223.20070201452856,218.18809151282764,222.78298573737737,98070400
2025-01-22,222.61392211914062,222.90233985709415,218.59586314481808,218.59586314481808,64126500
2025-01-23,222.4448699951172,225.79655609657794,221.09225820038625,223.51900422998196,60234800
2025-01-24,221.5696258544922,224.4041477572621,220.2070739772995,223.55875977197638,54697900
2025-01-27,228.61117553710938,230.888727332658,222.76311661057002,222.80290778981754,94863400
2025-01-28,236.9655303955078,238.88505261672515,229.5560092044273,229.59580038333414,75707600
2025-01-29,238.05953979492188,238.5568232574634,232.73860067537262,232.84800364416722,45486100
2025-01-30,236.29916381835938,239.48177510143526,235.9212386876704,237.37329797187644,55658300
2025-01-31,234.71780395507812,245.8470107317681,232.1717149504871,245.8470107317681,100959800
2025-02-03,226.7711944580078,230.5704473180637,224.4737473364884,228.7404478557844,73063300
2025-02-04,231.5352020263672,231.86341095944582,225.4186058340825,226.0153521080233,45067300
2025-02-05,231.2069854736328,231.4058958330951,227.0298072213747,227.2883891710869,39620300
2025-02-06,231.9529266357422,232.5297773409264,229.17807609142312,230.0334043541599,29925300
2025-02-07,226.39329528808594,232.72868233994458,226.02529517161955,231.33629458433444,39707200
2025-02-10,226.662109375,229.58935370973873,226.21406518332185,228.57379092662126,33115600
2025-02-11,231.61053466796875,234.2092091135714,227.1400288616486,227.20971719471092,53718400
2025-02-12,235.84210205078125,235.93172304376256,229.67896101319025,230.19670873650108,45243300
2025-02-13,240.4818878173828,241.28837041996871,234.54775953627293,235.88194100703416,53614100
2025-02-14,243.53855895996094,244.484433375407,239.94422402720738,240.2030902821229,40896200
2025-02-18,243.40911865234375,244.11602908498713,240.7905267294893,243.0905000064508,48822500
2025-02-19,243.807373046875,244.94242536854557,242.10480216065562,243.5982928571997,32204200
2025-02-20,244.7632293701172,245.7091038330044,243.2299036494767,243.87709210808563,32316900
2025-02-21,244.48443603515625,247.61080936192474,244.15586625078134,244.88269415360097,53197400
2025-02-24,246.0277099609375,247.7800669312537,243.3593319822528,243.86711335623195,51326400
2025-02-25,245.96795654296875,248.91511822751468,243.84721006662005,246.92379728169456,48013300
2025-02-26,239.31695556640625,243.91690216055417,238.0922974197643,243.26972892021308,44433600
2025-02-27,236.27023315429688,241.4078448384303,236.0312691715791,238.3710773588995,41153600
2025-02-28,240.79052734375,241.03944246427386,229.2010399398617,235.92174819400608,56833400
2025-03-03,236.9970703125,242.97103338088397,235.08540395372597,240.7407483660274,47184000
2025-03-04,234.9061737060547,239.02822274747484,233.6615980851158,236.6784633674393,53798100
2025-03-05,234.71701049804688,235.5234930679701,228.235250954078,234.39839184729655,47227600
2025-03-06,234.3087921142578,236.82781201573715,232.1482106078643,233.42265485870865,45170400
2025-03-07,238.03256225585938,240.32256924437755,233.74125275300776,234.08974000390756,46273600
2025-03-10,226.4928436279297,235.13518456664028,223.24699590534985,234.5178647329352,72071200
2025-03-11,219.88165283203125,224.8599551431671,216.50636447278404,222.8387656202518,76137400
2025-03-12,216.03842163085938,220.78772670269151,213.97741219492326,219.18471261137486,62547500
2025-03-13,208.77008056640625,215.899013195213,207.51555384047248,215.01287598245443,61368300
2025-03-14,212.5635528564453,213.02154815111564,208.67051688888432,210.3332680009786,60107600
2025-03-17,213.07135009765625,214.28605714072168,209.0588394397278,212.3843419118567,48073400
2025-03-18,211.7670440673828,214.2163605039484,210.57225445008928,213.23066628615402,42432400
2025-03-19,214.3059539794922,217.81066771448715,212.82241448637808,213.29037609854922,54385400
2025-03-20,213.17092895507812,216.54621759798974,211.29908226715483,213.0614056873257,48862900
2025-03-21,217.32281494140625,217.89033350890864,210.36314278996363,210.64192650603025,94127800
2025-03-24,219.77212524414062,220.5188705761007,217.63146136955083,220.0409578175666,44299500
2025-03-25,222.77903747558594,223.12752472855482,219.1249652538438,219.81197343150768,34493600
2025-03-26,220.56866455078125,224.04352508950674,219.51326687455483,222.5400680439697,34466100
2025-03-27,222.87863159179688,224.0136840691367,219.6028997069453,220.42929982881355,37094800
2025-03-28,216.9544219970703,222.8387793372666,216.73537546649092,220.7080664246457,39818600
2025-03-31,221.16607666015625,224.64092215942225,215.29167046357225,216.06828445549021,65299300
2025-04-01,222.22146606445312,222.70932997882656,217.95007407622174,218.85612876373423,36412700
2025-04-02,222.91842651367188,224.21278818927524,220.06088576879955,220.3595869543347,35905900
2025-04-03,202.30824279785156,206.58958563447752,200.37665915579902,204.64803566499702,103419000
2025-04-04,187.56253051757812,199.01262630823254,186.52703508606032,193.0486144227304,125910900
2025-04-07,180.6725616455078,193.30748067285785,173.86223225537526,176.43103817745248,160466300
2025-04-08,171.67176818847656,189.51400113284038,168.4757067407598,185.88979780340043,120859500
2025-04-09,197.9871063232422,199.73946342084193,171.1440912269536,171.2038284291051,184395900
2025-04-10,189.59365844726562,193.9347385570105,182.205859833413,188.24952597387417,121880000
2025-04-11,197.29013061523438,198.67409816298056,185.25259829067514,185.29243322025624,87435900
2025-04-14,201.64117431640625,212.01595519155484,200.28707539108044,210.52246440005902,101352900
2025-04-15,201.26280212402344,202.62685207462172,198.93296032454862,200.98401841430368,51343900
2025-04-16,193.42697143554688,199.82906121923162,191.5352073519423,197.49921927320653,59732400
2025-04-17,196.1251983642578,197.9671763411939,193.5763099497932,196.34424488667963,52164700
2025-04-21,192.32179260253906,192.9590147372882,188.98632373298676,192.43131586910098,46742500
2025-04-22,198.8732452392578,200.715208155226,195.1196006832811,195.26894368988752,52976400
2025-04-23,203.71214294433594,207.09738254349836,201.9199510184256,205.10606155750318,52929200
2025-04-24,207.4657745361328,207.92378505310097,202.0593452871763,204.00088023313933,47311000
2025-04-25,208.37181091308594,208.8397725246136,205.3051750047529,205.47443545258193,38222300
2025-04-28,209.2281036376953,210.5822025692478,206.55974070372147,209.08871177088434,38743100
2025-04-29,210.29345703125,211.31898611202763,207.46576971677675,207.78438836336602,36827600
2025-04-30,211.57785034179688,212.65316547487808,205.7731479657814,208.39173986928208,52286500
2025-05-01,212.39430236816406,213.62891164873253,207.99346964638974,208.1726964341785,57365700
2025-05-02,204.45889282226562,206.0917754590827,201.2827333487594,205.19567188008233,101010600
2025-05-05,198.0269012451172,203.21429874212313,197.34985944880984,202.21863831750238,69018500
2025-05-06,197.6485595703125,199.77927242381972,196.16503515467957,197.3498735756035,51216500
2025-05-07,195.3983612060547,198.5745204381265,192.4113798882551,198.30568786560423,68536700
2025-05-08,196.63299560546875,199.18188402861682,193.83517686729027,196.86199326420865,50478900
2025-05-09,197.66847229003906,199.6697443694255,196.6827629534363,198.1364339272832,36453900
2025-05-12,210.15049743652344,210.6290521628615,206.1227607044075,210.32995926202443,63775800
2025-05-13,212.28399658203125,212.75257189298435,208.36592688565332,209.79158118866218,51909300
2025-05-14,211.68582153320312,213.29093762104833,209.94113079478424,211.78550901932945,49325800
2025-05-15,210.80850219726562,212.31393091132972,208.90429308394448,210.31001909194578,45029500
2025-05-16,210.6190643310547,211.92510277199543,209.1335944967917,211.71573318604425,54737900
2025-05-19,208.14659118652344,208.84446444770495,203.64029993754312,207.27923550566183,46140500
2025-05-20,206.232421875,207.83753801206538,204.40797196423648,207.03996203611737,42496600
2025-05-21,201.4768829345703,206.41186226922272,200.10108001028593,204.5475404614086,59211800
2025-05-22,200.74908447265625,202.13486667390606,199.09411717835945,200.1010626250374,46742400
2025-05-23,194.67759704589844,197.1002176461426,192.8730906309023,193.082445017036,78432900
2025-05-27,199.60260009765625,200.1309909415137,196.83102019804124,197.6983910952664,56288500
2025-05-28,199.81195068359375,202.11494001836002,199.2935240345892,199.98143310081724,45339700
2025-05-29,199.3433837890625,203.19167383577107,197.90775006205254,202.9623758748587,51396800
2025-05-30,200.24066162109375,201.3472946799051,196.18300200128658,198.7651407343476,70819900
2025-06-02,201.08807373046875,201.51677709467234,199.51286535414474,199.67238359256916,35423300
2025-06-03,202.65330505371094,203.1517881077627,200.35031577799097,200.73913195165156,46381600
2025-06-04,202.20468139648438,205.6143037964219,201.48686455307688,202.29440469878628,43604000
2025-06-05,200.02133178710938,204.12882762641604,199.54277706238673,202.88261988754903,55126100
2025-06-06,203.30133056640625,205.07592905349443,201.4370087789868,202.3841235560851,46607700
2025-06-09,200.83883666992188,205.37503589356555,199.4131823149893,203.76991971327615,72862600
2025-06-10,202.05511474609375,203.73002568042446,199.96149509379936,199.9914028593682,54672600
2025-06-11,198.1769256591797,203.8795731269679,197.80805305990708,202.88260699920767,60989900
2025-06-12,198.5956573486328,199.07419684911244,196.7612432530472,198.47602627663701,43904600
2025-06-13,195.85400390625,199.76210952406473,195.1062792678608,199.12405177447246,51447300
2025-06-16,197.81802368164062,198.08720880439395,195.96366601516638,196.701426450214,43020700
2025-06-17,195.04644775390625,197.78810453675544,194.61775963167673,196.6017124403596,38856200
2025-06-18,195.9835968017578,196.97059871241268,194.4781834746436,195.34553910938874,45394700
2025-06-20,200.3901824951172,201.08805571006383,196.26274352386682,197.63856158511533,96813500
2025-06-23,200.88868713378906,201.68626312768808,198.35639970659372,201.01829760639046,55814300
2025-06-24,199.69232177734375,202.8227948624406,199.59261907789957,201.97536755465325,54064000
2025-06-25,200.94850158691406,203.05210084338043,200.01135094007643,200.83883469818846,39525700
2025-06-26,200.3901824951172,202.0252062612044,198.85486142223453,200.81887060840756,50799100
2025-06-27,200.46995544433594,202.60346239871808,199.39323017588663,201.2774955925489,73188600
2025-06-30,204.54754638671875,206.7608124915243,198.6554726965608,201.39712965217615,91912800
2025-07-01,207.18951416015625,209.55231908550664,205.51460310500556,206.04299395149746,78788900
2025-07-02,211.7954864501953,212.69274987948137,207.5085290616707,208.2761972389462,67941800
2025-07-03,212.90213012695312,213.9987837940836,211.16740350258758,211.5063683517463,34955800
2025-07-07,209.3130340576172,215.57398008038285,208.16652910348648,212.03474730839852,50229000
2025-07-08,209.37286376953125,210.78855393169587,207.8175989494771,209.46260228799343,42848900
2025-07-09,210.4994354248047,210.6888614301138,206.59132988433592,208.8943192909964,48749400
2025-07-10,211.7655792236328,212.83232507172787,209.39279496736208,209.87133445003573,44443600
2025-07-11,210.5193634033203,211.48642172848318,209.22330444266433,209.93115706069412,39765800
2025-07-14,207.98707580566406,210.27013683517245,206.91035052542594,209.29309904361602,38840100
2025-07-15,208.47560119628906,211.2471659954246,208.2861751856472,208.5852680860029,42296300
2025-07-16,209.5224151611328,211.7556096589697,208.0070223143888,209.66198981724762,47490500
2025-07-17,209.38282775878906,211.15742622671814,208.95412441878605,209.93116216460888,48068100
2025-07-18,210.539306640625,211.1474566075158,209.06380098140497,210.23024956462245,48974600
2025-07-21,211.83535766601562,215.12534891613055,210.98794558852114,211.45652088357517,51377400
2025-07-22,213.74954223632812,214.29787667610697,211.5861274580158,212.49337032996837,46404100
2025-07-23,213.50030517578125,214.49727137359017,211.76559372759175,214.3477325289176,46989300
2025-07-24,213.11146545410156,215.0356179140754,212.88216751340357,213.25104009789538,46022600
2025-07-25,213.2311248779297,214.58699944946258,212.7525701732737,214.04862920984866,40268800
2025-07-28,213.40061950683594,214.1981955143971,212.41361748607306,213.38067592321022,37858000
2025-07-29,210.62904357910156,214.1582970701604,210.18041185237743,213.53020352524888,51411700
2025-07-30,208.415771484375,211.74563469104578,207.0898047125579,211.25711581327238,45512500
2025-07-31,206.94027709960938,209.20337937318874,206.5315173151756,207.85748415888986,80698400
2025-08-01,201.76602172851562,212.93203997684435,200.88868661623732,210.23025491744008,104434500
2025-08-04,202.7330780029297,207.24933356384108,201.06813110178,203.8895472057539,75109300
2025-08-05,202.3043670654297,204.71702329589334,201.54667827641916,202.78290655256814,44155100
2025-08-06,212.60304260253906,214.72658548105818,204.96627784328447,205.00616501036765,108483100
2025-08-07,219.36245727539062,220.1799768073744,215.92292715514498,218.2159523061407,90224800
2025-08-08,228.65419006347656,230.29917810781973,218.58482597462978,220.16003429974123,113854000
2025-08-11,226.747802734375,229.12327986736793,224.3324083989562,227.48640043221798,61806100
2025-08-12,229.21310424804688,230.36092560837628,226.63802588155738,227.57622481823222,55626200
2025-08-13,232.88612365722656,234.55294488479396,229.99163136972763,230.6304284784954,69878500
2025-08-14,232.337158203125,234.67270293292236,230.41083714463488,233.6147219132583,51916300
2025-08-15,231.1494140625,233.834298979768,228.9036945156081,233.5548328767578,56038700
2025-08-18,230.4507598876953,232.67651332576617,229.672244959047,231.25921652669462,37476200
2025-08-19,230.1213836669922,232.42698672077375,228.9136940815642,230.84001516813981,39402600
2025-08-20,225.5800323486328,230.0315543310328,225.3404986724704,229.54248102593337,42263900
2025-08-21,224.47215270996094,226.08908123987146,223.35428822884654,225.83955683035407,30621200
2025-08-22,227.3267059326172,228.65417758009713,224.98118568943215,225.73973438952316,42477800
2025-08-25,226.72784423828125,228.86377239669042,225.79960559269966,226.04912998143794,30983100
2025-08-26,228.87376403808594,229.0534295301293,224.26255788237486,226.43840339540802,54575100
2025-08-27,230.05152893066406,230.46073738560713,227.82576024347395,228.17510050695543,31259500
2025-08-28,232.11758422851562,232.9659733126178,228.90370861616245,230.3809040856524,38074700
2025-08-29,231.69837951660156,232.9360260407387,230.92984008944924,232.0676707602769,39418400
2025-09-02,229.28298950195312,230.4108447009183,226.53822101083426,228.81388239599917,44075600
2025-09-03,238.01634216308594,238.395624134605,233.9141603097862,236.75874463665696,66427800
2025-09-04,239.32383728027344,239.44360411673358,236.28962732845326,237.99636566705198,47549400
2025-09-05,239.2340087890625,240.86091270031892,238.03629475202086,239.54341659874092,54870400
2025-09-08,237.42745971679688,239.69313028194867,235.89038089866295,238.84475646782593,48999500
2025-09-09,233.9041748046875,238.3257397896772,232.9160527142261,236.54912730927947,66313900
2025-09-10,226.35855102539062,231.97784546194652,225.52015268533836,231.7482872752143,83440800
2025-09-11,229.59239196777344,230.01159113632517,226.21881717306923,226.44839058875493,50208600
2025-09-12,233.6247100830078,234.06386022938602,228.58431421011397,228.78393068206054,55824200
2025-09-15,236.24969482421875,237.7368657054393,234.58287368836292,236.54912714503797,42699500
2025-09-16,237.6969451904297,240.76111223381088,235.87043992435724,236.72878926810645,63421100
2025-09-17,238.5353546142578,239.6432435766681,237.27774187166392,238.5153883976145,46508000
2025-09-18,237.42745971679688,240.74113579799257,236.199788714976,239.5134800259323,44249600
2025-09-19,245.032958984375,245.83144010441063,239.7530294205925,240.77107799962133,163741300
2025-09-22,255.5928192138672,256.15178189089505,247.64797087114997,247.82763635806887,105517400
2025-09-23,253.9459686279297,256.8504363399061,253.0975947938589,255.39322235208516,60275200
2025-09-24,251.8300018310547,255.2534845023776,250.56241362070242,254.73446948849343,42303700
2025-09-25,256.3813171386719,256.6807646844572,251.2311452680336,252.72829161839874,55202100
2025-09-26,254.97401428222656,257.10994249251326,253.2972024297037,253.61660096533106,46076300
2025-09-29,253.9459686279297,254.5148915782133,252.52867184357527,254.0757261912774,40127700
2025-09-30,254.14559936523438,255.4331385813304,252.6284867333586,254.37515755125318,37704300
2025-10-01,254.9640350341797,258.29769267334166,254.44502000530687,254.55481135314994,48713900
2025-10-02,256.6408386230469,257.68882891050583,253.66649683440303,256.09186667190835,42630200
2025-10-03,257.5291442871094,258.7468246365968,253.46689477740222,254.18552630266564,49155600
2025-10-06,256.20166015625,258.57713717661323,254.56478079871025,257.49917477533796,44664100
2025-10-07,255.99209594726562,256.9103287268919,254.94407514023973,256.32145476920215,31955800
2025-10-08,257.569091796875,258.0282082133661,255.62278908467795,256.03201279963565,36496900
2025-10-09,253.55670166015625,257.50917476461467,252.65841993311406,257.3195337882977,38322000
2025-10-10,244.80340576171875,255.8922708493858,243.53581752909898,254.45500785015722,61999100
2025-10-13,247.18885803222656,249.2149949644775,245.09284695690994,248.90558714178317,38142900
2025-10-14,247.29864501953125,248.37659224814226,244.23447809703134,246.13087266264282,35478000
2025-10-15,248.86566162109375,251.3409547309234,246.99922390992754,249.01538540478128,33893600
2025-10-16,246.97926330566406,248.56623493239263,244.66368465033412,247.77774448085987,39777000
2025-10-17,251.81002807617188,252.89796599708643,246.79958926324147,247.5481624372989,49147000
2025-10-20,261.7411193847656,263.87706298772724,255.14370850365398,255.4032084113237,90483000
2025-10-21,262.27008056640625,264.7853058703715,261.3318664386604,261.3817895915523,46695900
2025-10-22,257.9583435058594,262.349966966352,254.94406918261987,262.15033525743416,45015300
2025-10-23,259.0861511230469,260.12418111371363,257.51916110368444,259.4454820834593,32754900
2025-10-24,262.3200378417969,263.62754335723145,258.68694768993146,260.69313376057823,38253700
2025-10-27,268.2986145019531,268.60802232244004,264.1465248140549,264.37609822840903,44888200
2025-10-28,268.4882507324219,269.3765722048576,267.63986169210665,268.4782600095115,41534800
2025-10-29,269.1869201660156,270.8936584399069,266.6018207191691,268.76770579477784,51086700
2025-10-30,270.8836669921875,273.6184749716116,267.969239224885,271.4725408872279,69886500
2025-10-31,269.85565185546875,276.79244258078194,268.647962249571,276.4630533049319,86167100
2025-11-03,268.53814697265625,270.33474092754267,265.74348587775046,269.90556627002525,50194600
2025-11-04,269.5262756347656,270.9734988318123,267.11086611942017,267.8195068636227,49274800
2025-11-05,269.6260986328125,271.18312844251227,266.4221834255846,268.0989800730272,43683100
2025-11-06,269.25677490234375,272.8798740142925,267.38037702601645,267.38037702601645,51204000
2025-11-07,267.9592590332031,271.7719991063764,266.26248096015127,269.28671541495146,48227400
2025-11-10,269.1781311035156,273.4741297822401,267.20997142836535,268.7085692371889,41312400
2025-11-11,274.99267578125,275.65206242273547,269.5477586519058,269.55775905965567,46208300
2025-11-12,273.21435546875,275.4722525277038,271.4460210796085,274.74292397164845,48398000
2025-11-13,272.6948547363281,276.4413491841305,271.83564282199285,273.85374352181776,49602800
2025-11-14,272.15533447265625,275.70200347225597,269.3479639093673,270.7965900477885,47431300
2025-11-17,267.2099609375,270.2371271729127,265.48159771217263,268.5687054184609,45018300
2025-11-18,267.19000244140625,270.4569347049811,265.0719890725528,269.7376065335732,45677300
2025-11-19,268.3089294433594,271.9555110777923,265.2517925781922,265.2817633125939,40424500
2025-11-20,266.0010986328125,275.17250947675234,265.67142054546326,270.5768036466949,45823600
2025-11-21,271.2361755371094,273.0744516711978,265.4216397990326,265.70137680880595,59030800
2025-11-24,275.6620788574219,276.7410558404627,270.64675212306133,270.64675212306133,65585800
2025-11-25,276.7110900878906,280.1179060838009,274.9926967216935,275.012667049666,46914200
2025-11-26,277.29052734375,279.26868736786383,276.3714044558947,276.70108254872224,33431400
2025-11-28,278.5893249511719,278.73917862681736,275.73198274965245,277.0008150112318,20135600
2025-12-01,282.8353576660156,283.1550658399818,275.88187257202503,277.75011957449965,46587700
2025-12-02,285.9224548339844,287.1313151163589,282.36578537497866,282.7354345985028,53669500
2025-12-03,283.8843688964844,288.35019153510143,283.0351573834178,285.9324708384744,43538700
2025-12-04,280.4375915527344,284.46382276925783,278.32954829392816,283.83440686502166,43989100
2025-12-05,278.5193786621094,280.8771882481053,277.79005013345267,280.27774306596746,47265800
2025-12-08,277.6302185058594,279.4085531850005,275.8918244790692,277.86998437615557,38211800
2025-12-09,276.9208679199219,279.7682096639769,276.6611317163261,277.8999627322321,32193300
2025-12-10,278.5193786621094,279.48847306800184,276.1815698919154,277.490342786908,33038300
2025-12-11,277.77008056640625,279.3286197507982,273.5540244422053,278.83908758708685,33248000
2025-12-12,278.0198669433594,278.9589906850317,276.5612402656973,277.64021728323,39532900
2025-12-15,273.8537292480469,279.8880911943856,272.5849275039148,279.8880911943856,50409100
2025-12-16,274.353271484375,275.2424541197232,271.53593087885605,272.5649667835892,37648600
2025-12-17,271.58587646484375,275.90184538512057,271.38608172110213,274.75292651919426,50138700
2025-12-18,271.935546875,273.374203136776,266.7004552212896,273.35420232069225,51630700
2025-12-19,273.4141845703125,274.34330788170604,269.64768928264715,271.8955859651445,144632000
2025-12-22,270.7166748046875,273.62395794129594,270.25711338978425,272.6048920133635,36571800
2025-12-23,272.1053771972656,272.2452609569047,269.30800689497966,270.5868091030317,29642000
2025-12-24,273.55401611328125,275.17249671786806,271.9455359163183,272.085389177814,17910600
2025-12-26,273.1444091796875,275.1125687682936,272.6049054553,273.9037084592662,21521800
2025-12-29,273.50408935546875,274.10350406329195,272.0954038139857,272.4350823114352,23715200
2025-12-30,272.82470703125,273.82377221524894,272.02546707967076,272.5549704076282,22139600
2025-12-31,271.6058349609375,273.42414083736213,271.49595243002375,272.80472532736104,27293600
2026-01-02,270.75665283203125,277.58025431004916,268.7485221479618,272.0054842546519,37838100
2026-01-05,267.0101623535156,271.25618925068443,265.89121426121545,270.38700744645297,45647200
2026-01-06,262.1147155761719,267.2998660934885,261.8749496989937,266.7503924619391,52352100
2026-01-07,260.08660888671875,263.4334831315393,259.56710600115036,262.95395138764474,48309800
2026-01-08,258.7978515625,259.0476178563403,255.46096229095477,256.7797203952787,50419300
2026-01-09,259.1275329589844,259.9667440583015,255.98048371428257,258.8377955175017,39997000
2026-01-12,260.0067138671875,261.05572011368304,256.5599267903311,258.9177364764393,45263800
2026-01-13,260.8059387207031,261.56523797230057,258.148452318208,258.4781303943212,45730800
2026-01-14,259.71697998046875,261.57525710051715,256.4700180914029,259.247418118488,40019400
2026-01-15,257.9685974121094,260.7959687899761,256.8096782083212,260.40631875644857,39388600
2026-01-16,255.29112243652344,258.6579671912775,254.69167723491495,257.6589020182799,72142800
2026-01-20,246.46937561035156,254.55180921698133,243.19244305608962,252.49373739571587,80267500
2026-01-21,247.41848754882812,251.3248360900433,244.9507953165175,248.46750904444812,54641700
2026-01-22,248.1178436279297,250.76536025794266,247.9180183962477,248.96703988447874,39708300
2026-01-23,247.80812072753906,249.17685039145397,244.45126111041233,247.08880782235642,41689000
2026-01-26,255.17123413085938,256.32015295784896,249.5664780183616,251.24490015634893,55969200
2026-01-27,258.0285339355469,261.70511669708895,257.96859246831417,258.92771692213245,49648300
2026-01-28,256.2002868652344,258.61800761819165,254.27208306792676,257.409147241713,41288000
2026-01-29,258.0385437011719,259.4072580677027,254.17216647920577,257.75880668092503,67253000
2026-01-30,259.2374267578125,261.6551472598355,251.94423313215475,254.93144331105526,92443400
2026-02-02,269.7575988769531,270.2371306501278,258.9676766447768,259.7869174093499,73913400
2026-02-03,269.22808837890625,271.6258386480508,267.3598109321867,268.9483513556569,64394700
2026-02-04,276.23150634765625,278.68922850453845,272.03545112075,272.03545112075,90545700
2026-02-05,275.6520690917969,279.2387093202658,272.97458180817284,277.86999494352693,52977400
2026-02-06,277.8599853515625,280.6473855638201,276.67109542368036,276.8609202349588,50453400
2026-02-09,274.6199951171875,278.20001220703125,271.70001220703125,277.9100036621094,44623400
2026-02-10,273.67999267578125,275.3699951171875,272.94000244140625,274.8900146484375,34376900
2026-02-11,275.5,280.17999267578125,274.45001220703125,274.70001220703125,51931300
2026-02-12,261.7300109863281,275.7200012207031,260.17999267578125,275.5899963378906,81077200
2026-02-13,255.77999877929688,262.2300109863281,255.4499969482422,262.010009765625,56290700
2026-02-17,263.8800048828125,266.2900085449219,255.5399932861328,258.04998779296875,58469100
2026-02-18,264.3500061035156,266.82000732421875,262.45001220703125,263.6000061035156,34203300
2026-02-19,260.5799865722656,264.4800109863281,260.04998779296875,262.6000061035156,30845300
2026-02-20,264.5799865722656,264.75,258.1600036621094,258.9700012207031,42070500
2026-02-23,266.17999267578125,269.42999267578125,263.3800048828125,263.489990234375,37308200
2026-02-24,272.1400146484375,274.8900146484375,267.7099914550781,267.8599853515625,47014600
2026-02-25,274.2300109863281,274.94000244140625,271.04998779296875,271.7799987792969,33714300
2026-02-26,272.95001220703125,276.1099853515625,270.79998779296875,274.95001220703125,32345100
2026-02-27,264.17999267578125,272.80999755859375,262.8900146484375,272.80999755859375,72366500
2026-03-02,264.7200012207031,266.5299987792969,260.20001220703125,262.4100036621094,41827900
2026-03-03,263.75,265.55999755859375,260.1300048828125,263.4800109863281,38568900
2026-03-04,262.5199890136719,266.1499938964844,261.4200134277344,264.6499938964844,39803100
2026-03-05,260.2900085449219,261.55999755859375,257.25,260.7900085449219,49658600
2026-03-06,257.4599914550781,258.7699890136719,254.3699951171875,258.6300048828125,41120000
2026-03-09,259.8800048828125,261.1499938964844,253.67999267578125,255.69000244140625,38218500
2026-03-10,260.8299865722656,262.4800109863281,256.95001220703125,257.6499938964844,30590800
2026-03-11,260.80999755859375,262.1300048828125,259.54998779296875,261.0899963378906,26218900
2026-03-12,255.75999450683594,258.95001220703125,254.17999267578125,258.6600036621094,40794000
2026-03-13,250.1199951171875,256.3299865722656,249.52000427246094,255.47999572753906,36930000
2026-03-16,252.82000732421875,253.88999938964844,249.8800048828125,252.11000061035156,32074200
2026-03-17,254.22999572753906,255.1300048828125,252.17999267578125,252.9600067138672,32361600
2026-03-18,249.94000244140625,254.94000244140625,249.0,252.6300048828125,35757900
2026-03-19,248.9600067138672,251.8300018310547,247.3000030517578,249.39999389648438,34864100
2026-03-20,247.99000549316406,249.1999969482422,246.0,247.97999572753906,88331100
2026-03-23,251.49000549316406,254.60000610351562,250.27999877929688,253.97000122070312,40546100
2026-03-24,251.63999938964844,254.8300018310547,249.5500030517578,250.35000610351562,45152300
2026-03-25,252.6199951171875,255.0,251.60000610351562,254.10000610351562,28476700
2026-03-26,252.88999938964844,257.0,250.77000427246094,252.1199951171875,41796700
2026-03-27,248.8000030517578,255.49000549316406,248.07000732421875,253.89999389648438,47900000
2026-03-30,246.6300048828125,250.8699951171875,245.50999450683594,250.07000732421875,39446200
2026-03-31,253.7899932861328,255.47999572753906,247.10000610351562,247.91000366210938,49598100
2026-04-01,255.6300048828125,256.17999267578125,253.3300018310547,254.0800018310547,40059400
2026-04-02,255.9199981689453,256.1300048828125,250.64999389648438,254.1999969482422,31289400
2026-04-06,258.8599853515625,262.1600036621094,256.4599914550781,256.510009765625,29329900
2026-04-07,253.5,256.20001220703125,245.6999969482422,256.1600036621094,62148000
2026-04-08,258.8999938964844,259.75,256.5299987792969,258.45001220703125,41032800
2026-04-09,260.489990234375,261.1199951171875,256.07000732421875,259.0,28121600
2026-04-10,260.4800109863281,262.19000244140625,259.0199890136719,259.9800109863281,31291500
2026-04-13,259.20001220703125,260.17999267578125,256.6600036621094,259.7300109863281,36234700
2026-04-14,258.8299865722656,261.92999267578125,257.19000244140625,259.25,48370700
2026-04-15,266.42999267578125,266.55999755859375,257.80999755859375,258.1600036621094,49913500
2026-04-16,263.3999938964844,267.1600036621094,261.2699890136719,266.79998779296875,43323100
2026-04-17,270.2300109863281,272.29998779296875,266.7200012207031,266.9599914550781,61436200
2026-04-20,273.04998779296875,274.2799987792969,270.2900085449219,270.3299865722656,36590200
2026-04-21,266.1700134277344,272.79998779296875,265.3999938964844,271.5,50209800
2026-04-22,273.1700134277344,273.739990234375,266.8699951171875,267.82000732421875,43249200
2026-04-23,273.42999267578125,275.7699890136719,271.6499938964844,275.04998779296875,33399600
2026-04-24,271.05999755859375,273.05999755859375,269.6499938964844,272.760009765625,38124500
